uf_code,uf,state_name,year,quarter,consumption_index,share_PH2M,share_WH2M,share_Ricardian,total_weight,mp_shock_quarterly,macro_region,t_index,t_order
11,RO,Rondônia,2015,1,102.01093666666668,0.2493969651392494,0.2668959677095845,0.483707067151166,1227639.11652815,0.092851242,North,2015Q1,8061
11,RO,Rondônia,2015,2,99.15487999999999,0.2485431851007419,0.2744635939869933,0.4769932209122648,1230337.4470036,0.0,North,2015Q2,8062
11,RO,Rondônia,2015,3,94.66534333333334,0.2470678123851335,0.2772096989054788,0.4757224887093876,1230884.03110825,0.077390703,North,2015Q3,8063
11,RO,Rondônia,2015,4,93.12286666666667,0.2581997745425516,0.269393139551389,0.4724070859060593,1222521.21634165,0.0,North,2015Q4,8064
11,RO,Rondônia,2016,1,91.49152666666667,0.242091924879907,0.2727856767478128,0.48512239837228,1224821.3691028,-0.207600025,North,2016Q1,8065
11,RO,Rondônia,2016,2,85.34936666666665,0.2499218979994068,0.2671353666501195,0.4829427353504736,1228677.00876687,0.0,North,2016Q2,8066
11,RO,Rondônia,2016,3,81.91147666666667,0.2430495440247014,0.272673804888345,0.4842766510869535,1230205.01335025,0.0,North,2016Q3,8067
11,RO,Rondônia,2016,4,80.91855,0.2415600537082173,0.2761019335644715,0.4823380127273111,1245826.69860854,0.0,North,2016Q4,8068
11,RO,Rondônia,2017,1,87.01801333333333,0.2464373700041526,0.2596744410825625,0.4938881889132848,1249972.72985919,-0.224587529,North,2017Q1,8069
11,RO,Rondônia,2017,2,88.92524666666667,0.2462626224569579,0.2574321591293858,0.4963052184136562,1258432.15295202,0.0,North,2017Q2,8070
11,RO,Rondônia,2017,3,91.3479,0.2599659677487868,0.2518116261018411,0.4882224061493721,1264405.3255951,-0.328460526,North,2017Q3,8071
11,RO,Rondônia,2017,4,91.55813666666667,0.2486760318255784,0.2583061019695438,0.4930178662048777,1277191.15195412,-0.195035395,North,2017Q4,8072
11,RO,Rondônia,2018,1,93.78277666666668,0.2416170135021061,0.2390325395927134,0.5193504469051804,1282973.65425104,0.0,North,2018Q1,8073
11,RO,Rondônia,2018,2,94.80417333333332,0.2413824808645268,0.2642116888396946,0.4944058302957785,1285469.07843062,0.08898676,North,2018Q2,8074
11,RO,Rondônia,2018,3,94.69518666666666,0.2526656840942431,0.2575298375473039,0.4898044783584528,1293494.17510273,0.0,North,2018Q3,8075
11,RO,Rondônia,2018,4,97.89444666666667,0.2372228873675838,0.2601177820762674,0.5026593305561486,1293794.18152053,0.0,North,2018Q4,8076
11,RO,Rondônia,2019,1,96.37138,0.2463890843263529,0.2585519555472045,0.4950589601264425,1293007.45425379,0.0,North,2019Q1,8077
11,RO,Rondônia,2019,2,93.58038666666666,0.2503268688551918,0.2611009898068622,0.4885721413379459,1297455.86493279,0.0,North,2019Q2,8078
11,RO,Rondônia,2019,3,92.85368,0.2529783497545073,0.2637919136821104,0.4832297365633822,1300881.32971421,-0.104547698,North,2019Q3,8079
11,RO,Rondônia,2019,4,95.63556,0.2476817671662758,0.2579991604120294,0.4943190724216946,1305350.00545055,0.0,North,2019Q4,8080
11,RO,Rondônia,2020,1,88.05570333333333,0.2432579567135017,0.2663212664550239,0.4904207768314745,1308190.76298061,0.0,North,2020Q1,8081
11,RO,Rondônia,2020,2,72.91337333333333,0.2312257006537478,0.2402086993230569,0.5285656000231952,1297731.56663693,-0.293676167,North,2020Q2,8082
11,RO,Rondônia,2020,3,106.50011666666667,0.2348047200099578,0.2302692066272818,0.5349260733627603,1290901.48278772,-0.084446286,North,2020Q3,8083
11,RO,Rondônia,2020,4,108.24232,0.2437878932676413,0.2366618681724518,0.5195502385599068,1309202.98700294,0.0,North,2020Q4,8084
12,AC,Acre,2015,1,87.57932333333333,0.2399081742637751,0.2651677659928296,0.4949240597433954,550774.59705762,0.092851242,North,2015Q1,8061
12,AC,Acre,2015,2,84.92282999999999,0.2390505031144482,0.2642731874268691,0.4966763094586826,550773.60042955,0.0,North,2015Q2,8062
12,AC,Acre,2015,3,80.51006,0.2460103055870775,0.2576158209473116,0.4963738734656109,553206.41392012,0.077390703,North,2015Q3,8063
12,AC,Acre,2015,4,78.2824,0.2417226147093132,0.273303964397821,0.4849734208928657,554631.47737552,0.0,North,2015Q4,8064
12,AC,Acre,2016,1,78.31358999999999,0.2474621685570374,0.2664280999289511,0.4861097315140114,555461.32245268,-0.207600025,North,2016Q1,8065
12,AC,Acre,2016,2,76.55964,0.2375964474223697,0.2585780799720052,0.5038254726056249,564225.21948301,0.0,North,2016Q2,8066
12,AC,Acre,2016,3,72.65157,0.223453164255414,0.2700000781227212,0.5065467576218647,569118.93464963,0.0,North,2016Q3,8067
12,AC,Acre,2016,4,73.63988666666667,0.2248393479369657,0.2551181244954988,0.5200425275675353,574317.09474732,0.0,North,2016Q4,8068
12,AC,Acre,2017,1,75.07297666666666,0.2262018717659328,0.2534718430984892,0.520326285135578,579553.10079266,-0.224587529,North,2017Q1,8069
12,AC,Acre,2017,2,77.27385333333334,0.223753661699168,0.2611214072791898,0.5151249310216423,580386.09082013,0.0,North,2017Q2,8070
12,AC,Acre,2017,3,81.08299,0.2295306767026436,0.2573534274675722,0.5131158958297841,581142.8038313,-0.328460526,North,2017Q3,8071
12,AC,Acre,2017,4,81.05241333333333,0.2284298407284246,0.2646005309744663,0.506969628297109,580483.93547446,-0.195035395,North,2017Q4,8072
12,AC,Acre,2018,1,83.06479333333334,0.2219970469150458,0.2585230252393118,0.5194799278456423,586856.84307898,0.0,North,2018Q1,8073
12,AC,Acre,2018,2,83.99958333333333,0.224340339039894,0.2582573008520858,0.5174023601080202,586650.02015445,0.08898676,North,2018Q2,8074
12,AC,Acre,2018,3,83.32123,0.2298837360031017,0.2521281490603611,0.5179881149365371,591931.95919921,0.0,North,2018Q3,8075
12,AC,Acre,2018,4,88.75216999999999,0.2260598541039194,0.2624469578770013,0.5114931880190793,602914.07655229,0.0,North,2018Q4,8076
12,AC,Acre,2019,1,89.23293666666666,0.2216288557776287,0.2363908816921364,0.5419802625302349,604758.60771226,0.0,North,2019Q1,8077
12,AC,Acre,2019,2,88.86435,0.2263171329984,0.2496632015509441,0.5240196654506559,602146.63851178,0.0,North,2019Q2,8078
12,AC,Acre,2019,3,89.88321333333333,0.228786529434851,0.2440424353162689,0.5271710352488801,607531.0506798,-0.104547698,North,2019Q3,8079
12,AC,Acre,2019,4,93.12262333333332,0.2332690771958061,0.2403968431009136,0.5263340797032803,611956.09677002,0.0,North,2019Q4,8080
12,AC,Acre,2020,1,90.94227666666666,0.2352538474398211,0.2472922941113654,0.5174538584488133,609339.42789556,0.0,North,2020Q1,8081
12,AC,Acre,2020,2,74.67012333333334,0.2210331103783092,0.2497970229907817,0.5291698666309089,608079.51755408,-0.293676167,North,2020Q2,8082
12,AC,Acre,2020,3,106.002,0.2157752348140222,0.2437719341259057,0.540452831060072,625361.84467283,-0.084446286,North,2020Q3,8083
12,AC,Acre,2020,4,106.58788666666668,0.2265764312659995,0.227412518653977,0.5460110500800235,624212.3184426,0.0,North,2020Q4,8084
13,AM,Amazonas,2015,1,87.68182666666667,0.2320971779308123,0.2821158657392083,0.4857869563299793,2541129.66775699,0.092851242,North,2015Q1,8061
13,AM,Amazonas,2015,2,86.81512333333335,0.2379855385804045,0.2791524962882525,0.4828619651313428,2555252.39957959,0.0,North,2015Q2,8062
13,AM,Amazonas,2015,3,83.96922,0.235173324523115,0.2869205813369699,0.4779060941399149,2598224.69304367,0.077390703,North,2015Q3,8063
13,AM,Amazonas,2015,4,82.69668666666666,0.2413772646268135,0.282621607887918,0.4760011274852683,2625191.66838615,0.0,North,2015Q4,8064
13,AM,Amazonas,2016,1,77.90049666666665,0.2393532876149551,0.2782244633976525,0.4824222489873923,2618747.70627703,-0.207600025,North,2016Q1,8065
13,AM,Amazonas,2016,2,74.70257333333333,0.2324397944019078,0.2814388927524294,0.4861213128456628,2624277.00255552,0.0,North,2016Q2,8066
13,AM,Amazonas,2016,3,75.75288333333333,0.2290339979248565,0.2818488552240136,0.4891171468511298,2631053.26454925,0.0,North,2016Q3,8067
13,AM,Amazonas,2016,4,75.78196666666666,0.2333338263187096,0.2748369992121617,0.4918291744691287,2632777.95628028,0.0,North,2016Q4,8068
13,AM,Amazonas,2017,1,79.25851999999999,0.230141332639156,0.2582558260132781,0.5116028413475657,2650300.24275359,-0.224587529,North,2017Q1,8069
13,AM,Amazonas,2017,2,81.11750666666666,0.2288670100542363,0.2727079178727002,0.4984250720730634,2680022.42568335,0.0,North,2017Q2,8070
13,AM,Amazonas,2017,3,83.05659333333334,0.2323274533525575,0.2585351534097016,0.5091373932377409,2695536.96645703,-0.328460526,North,2017Q3,8071
13,AM,Amazonas,2017,4,83.80850333333333,0.2273927890933318,0.2697199615725244,0.5028872493341439,2726753.36647697,-0.195035395,North,2017Q4,8072
13,AM,Amazonas,2018,1,88.58127999999999,0.2237695506180917,0.2737803633314224,0.5024500860504858,2768323.34881065,0.0,North,2018Q1,8073
13,AM,Amazonas,2018,2,84.78089666666666,0.2243804231107878,0.2680357451009768,0.5075838317882353,2785744.67418614,0.08898676,North,2018Q2,8074
13,AM,Amazonas,2018,3,82.44111,0.2265395830873986,0.2740853031633728,0.4993751137492286,2800985.33821062,0.0,North,2018Q3,8075
13,AM,Amazonas,2018,4,86.42316000000001,0.221140912309772,0.2774943098243744,0.5013647778658535,2807171.90735569,0.0,North,2018Q4,8076
13,AM,Amazonas,2019,1,87.25297,0.2189397737412641,0.2683498407998589,0.5127103854588769,2829785.16099764,0.0,North,2019Q1,8077
13,AM,Amazonas,2019,2,91.16185,0.2320311742770445,0.2639453141757648,0.5040235115471907,2807399.33288294,0.0,North,2019Q2,8078
13,AM,Amazonas,2019,3,94.42221333333333,0.2216533066756145,0.278937694770165,0.4994089985542205,2808701.63285424,-0.104547698,North,2019Q3,8079
13,AM,Amazonas,2019,4,95.60651,0.2309007556582942,0.2762374054997953,0.4928618388419105,2834569.01340474,0.0,North,2019Q4,8080
13,AM,Amazonas,2020,1,93.22025000000001,0.2309554740937871,0.2731952243538307,0.4958493015523821,2855579.52312277,0.0,North,2020Q1,8081
13,AM,Amazonas,2020,2,84.09964000000001,0.2182756755000958,0.252726878438461,0.528997446061443,2901563.4943853,-0.293676167,North,2020Q2,8082
13,AM,Amazonas,2020,3,110.74262333333333,0.220092025014644,0.245996199699419,0.5339117752859369,2927365.57399334,-0.084446286,North,2020Q3,8083
13,AM,Amazonas,2020,4,106.50382333333334,0.210492022193689,0.2673511935029946,0.5221567843033164,2886636.90832121,0.0,North,2020Q4,8084
14,RR,Roraima,2015,1,80.11432333333333,0.247224824533532,0.2681492131496316,0.4846259623168362,330850.97661269,0.092851242,North,2015Q1,8061
14,RR,Roraima,2015,2,78.83961,0.2415267141801927,0.2922704199991373,0.4662028658206699,332817.89443539,0.0,North,2015Q2,8062
14,RR,Roraima,2015,3,77.33405666666667,0.2393554553210868,0.2727648616479804,0.4878796830309326,335937.19608377,0.077390703,North,2015Q3,8063
14,RR,Roraima,2015,4,80.16502333333334,0.2546727606039618,0.2802128968129886,0.4651143425830495,339263.02154949,0.0,North,2015Q4,8064
14,RR,Roraima,2016,1,77.85376333333333,0.24818200928439,0.285353247673856,0.4664647430417539,340138.308084,-0.207600025,North,2016Q1,8065
14,RR,Roraima,2016,2,77.12240333333334,0.2472440582359783,0.2943789520373066,0.4583769897267151,342973.06706172,0.0,North,2016Q2,8066
14,RR,Roraima,2016,3,82.53058,0.2350578481066159,0.279526334078177,0.485415817815207,346380.06606208,0.0,North,2016Q3,8067
14,RR,Roraima,2016,4,81.74855666666666,0.2416790577581294,0.267189493851575,0.4911314483902956,351135.85940036,0.0,North,2016Q4,8068
14,RR,Roraima,2017,1,70.8276,0.2409936523255189,0.2634882340443777,0.4955181136301033,355632.62500601,-0.224587529,North,2017Q1,8069
14,RR,Roraima,2017,2,73.16056333333334,0.2422177693684578,0.2620914090567331,0.495690821574809,357603.96709883,0.0,North,2017Q2,8070
14,RR,Roraima,2017,3,78.35190333333334,0.2411562696528176,0.276512170818066,0.4823315595291162,359050.26546283,-0.328460526,North,2017Q3,8071
14,RR,Roraima,2017,4,74.88555666666667,0.2466595196091297,0.2660907839055879,0.4872496964852824,360759.80784265,-0.195035395,North,2017Q4,8072
14,RR,Roraima,2018,1,79.40575333333334,0.2429862908769561,0.2653598613298891,0.4916538477931547,372032.35772987,0.0,North,2018Q1,8073
14,RR,Roraima,2018,2,79.06277999999999,0.2349064443062125,0.2635135032988103,0.5015800523949772,376825.31029839,0.08898676,North,2018Q2,8074
14,RR,Roraima,2018,3,76.32023666666667,0.2369194227614456,0.2711898077229217,0.4918907695156327,380043.81730438,0.0,North,2018Q3,8075
14,RR,Roraima,2018,4,78.55056666666667,0.2405930330870627,0.2509163787361474,0.5084905881767898,384189.77780151,0.0,North,2018Q4,8076
14,RR,Roraima,2019,1,79.09759,0.2315314449798357,0.2689225686663515,0.4995459863538127,381245.7035457,0.0,North,2019Q1,8077
14,RR,Roraima,2019,2,83.80428333333333,0.2380603191245956,0.248173739954374,0.5137659409210303,381130.2009821,0.0,North,2019Q2,8078
14,RR,Roraima,2019,3,82.21348333333333,0.2415231956837248,0.2576491316732904,0.5008276726429847,381716.76563537,-0.104547698,North,2019Q3,8079
14,RR,Roraima,2019,4,85.10356333333334,0.2320784480512229,0.2685985709119938,0.4993229810367833,387851.8486578,0.0,North,2019Q4,8080
14,RR,Roraima,2020,1,79.06925666666667,0.2214414653742948,0.2545871839012952,0.5239713507244099,391318.27355573,0.0,North,2020Q1,8081
14,RR,Roraima,2020,2,75.74073,0.2248781816012772,0.2295419210136424,0.5455798973850803,391200.29327812,-0.293676167,North,2020Q2,8082
14,RR,Roraima,2020,3,89.67771666666665,0.2235632657094103,0.236285545099044,0.5401511891915456,398217.7714591,-0.084446286,North,2020Q3,8083
14,RR,Roraima,2020,4,92.22324666666667,0.2378324301837057,0.2593600145056721,0.5028075553106222,404425.14576084,0.0,North,2020Q4,8084
15,PA,Pará,2015,1,86.22791666666667,0.2387293313639827,0.2878346015318329,0.4734360671041842,5663170.78875701,0.092851242,North,2015Q1,8061
15,PA,Pará,2015,2,84.43311999999999,0.2421439357394277,0.294714237524519,0.4631418267360533,5705669.54978703,0.0,North,2015Q2,8062
15,PA,Pará,2015,3,81.6562,0.2389243213854308,0.301190338409685,0.4598853402048841,5740693.32885102,0.077390703,North,2015Q3,8063
15,PA,Pará,2015,4,80.61399999999999,0.2433790178229725,0.3018995291037492,0.4547214530732781,5808558.16412253,0.0,North,2015Q4,8064
15,PA,Pará,2016,1,77.59538333333333,0.242651525444086,0.2912973747193095,0.4660510998366043,5842512.6170394,-0.207600025,North,2016Q1,8065
15,PA,Pará,2016,2,73.49315,0.2398041658346968,0.2886626333905784,0.4715332007747247,5874218.84981655,0.0,North,2016Q2,8066
15,PA,Pará,2016,3,69.21294333333333,0.2317529895680251,0.2917444563776845,0.4765025540542904,5882877.70385912,0.0,North,2016Q3,8067
15,PA,Pará,2016,4,68.06608666666666,0.2276886210708155,0.2909918991000691,0.4813194798291154,5936290.04144339,0.0,North,2016Q4,8068
15,PA,Pará,2017,1,70.40199666666666,0.2366069624620012,0.2765661321210612,0.4868269054169376,5970485.10116794,-0.224587529,North,2017Q1,8069
15,PA,Pará,2017,2,73.77201666666667,0.2330775174197803,0.2858376081123143,0.4810848744679054,5981292.25513322,0.0,North,2017Q2,8070
15,PA,Pará,2017,3,74.41709333333334,0.2348191247155919,0.2895663453072257,0.4756145299771823,6020728.40954762,-0.328460526,North,2017Q3,8071
15,PA,Pará,2017,4,73.93341666666667,0.2388351612026321,0.2881060789501807,0.473058759847187,6042479.23228816,-0.195035395,North,2017Q4,8072
15,PA,Pará,2018,1,76.85324666666666,0.2345635953533335,0.2740309452832735,0.491405459363393,6058276.28010326,0.0,North,2018Q1,8073
15,PA,Pará,2018,2,77.45698333333333,0.2337738484980529,0.2759603634084158,0.4902657880935312,6076037.74414759,0.08898676,North,2018Q2,8074
15,PA,Pará,2018,3,78.58059333333334,0.2442822242900871,0.2876024338737238,0.4681153418361889,6080477.5695399,0.0,North,2018Q3,8075
15,PA,Pará,2018,4,79.55555333333334,0.2352449844203803,0.2841422912783057,0.480612724301314,6110478.00041184,0.0,North,2018Q4,8076
15,PA,Pará,2019,1,80.60921666666667,0.2402216507243738,0.2806121217672501,0.479166227508376,6129929.80473937,0.0,North,2019Q1,8077
15,PA,Pará,2019,2,79.81556333333333,0.2334948139805415,0.2923550986121598,0.4741500874072985,6123141.00445934,0.0,North,2019Q2,8078
15,PA,Pará,2019,3,81.08186666666667,0.23126951759003,0.2853153916554497,0.4834150907545202,6175773.50876466,-0.104547698,North,2019Q3,8079
15,PA,Pará,2019,4,85.76253333333334,0.2292908870059026,0.2897865302898009,0.4809225827042965,6206564.73086462,0.0,North,2019Q4,8080
15,PA,Pará,2020,1,83.73081666666667,0.2312619377609543,0.2815554500454804,0.4871826121935653,6207491.2729017,0.0,North,2020Q1,8081
15,PA,Pará,2020,2,76.19129666666667,0.2402763573811442,0.2625619145308071,0.4971617280880486,6252049.72779726,-0.293676167,North,2020Q2,8082
15,PA,Pará,2020,3,97.36634333333332,0.234977097642376,0.2789733266436847,0.4860495757139392,6254411.0113111,-0.084446286,North,2020Q3,8083
15,PA,Pará,2020,4,98.50944333333332,0.2316686073960131,0.2815784541846873,0.4867529384192995,6267644.52319429,0.0,North,2020Q4,8084
16,AP,Amapá,2015,1,100.80209333333333,0.256403593678851,0.2737196304639843,0.4698767758571646,502586.84308651,0.092851242,North,2015Q1,8061
16,AP,Amapá,2015,2,93.72175666666668,0.2515120821071156,0.2738800202213573,0.474607897671527,501827.44815192,0.0,North,2015Q2,8062
16,AP,Amapá,2015,3,87.58123,0.2420444860293134,0.285160001162862,0.4727955128078245,508004.63346006,0.077390703,North,2015Q3,8063
16,AP,Amapá,2015,4,83.35478666666667,0.2348351543712429,0.2733199935545904,0.4918448520741667,507530.65722129,0.0,North,2015Q4,8064
16,AP,Amapá,2016,1,78.43031666666667,0.2402346540113437,0.2593024953171691,0.5004628506714871,510843.23666487,-0.207600025,North,2016Q1,8065
16,AP,Amapá,2016,2,74.59740666666666,0.234706183758576,0.2625435881153157,0.5027502281261083,512996.5090374,0.0,North,2016Q2,8066
16,AP,Amapá,2016,3,72.34239000000001,0.2334884682005526,0.2606712618457846,0.5058402699536627,523738.08978413,0.0,North,2016Q3,8067
16,AP,Amapá,2016,4,72.62621666666666,0.229026684617339,0.2656948753973556,0.5052784399853053,530058.49716186,0.0,North,2016Q4,8068
16,AP,Amapá,2017,1,79.26002999999999,0.2281304439106374,0.2584511510194716,0.5134184050698909,537296.5887017,-0.224587529,North,2017Q1,8069
16,AP,Amapá,2017,2,76.73983333333332,0.2343180930575196,0.2577176193528188,0.5079642875896615,536079.72324508,0.0,North,2017Q2,8070
16,AP,Amapá,2017,3,76.01649333333333,0.2333733877070625,0.2652679343339127,0.5013586779590249,541061.81870547,-0.328460526,North,2017Q3,8071
16,AP,Amapá,2017,4,70.97739666666666,0.2398156792598181,0.2481232313556771,0.5120610893845048,539822.36614627,-0.195035395,North,2017Q4,8072
16,AP,Amapá,2018,1,78.36356333333333,0.2309160645872806,0.246204858255714,0.5228790771570055,541314.13288201,0.0,North,2018Q1,8073
16,AP,Amapá,2018,2,76.35288,0.2267010046210165,0.2380621869352742,0.5352368084437092,548680.51314581,0.08898676,North,2018Q2,8074
16,AP,Amapá,2018,3,71.83676333333334,0.2295211183904427,0.262703171308505,0.5077757103010522,558933.70054462,0.0,North,2018Q3,8075
16,AP,Amapá,2018,4,71.26941333333333,0.1985393442888418,0.2637078541263719,0.5377528015847863,555302.50253489,0.0,North,2018Q4,8076
16,AP,Amapá,2019,1,80.62843666666667,0.2190651686374257,0.2521889263855169,0.5287459049770574,548380.29898002,0.0,North,2019Q1,8077
16,AP,Amapá,2019,2,88.17699666666665,0.2342815524918729,0.2597913475432864,0.5059270999648408,564521.85317663,0.0,North,2019Q2,8078
16,AP,Amapá,2019,3,87.31224000000002,0.2323965042945787,0.2660592166237736,0.5015442790816476,556815.64256674,-0.104547698,North,2019Q3,8079
16,AP,Amapá,2019,4,88.95593000000001,0.2260246497189926,0.2762209862470766,0.4977543640339307,552328.59584142,0.0,North,2019Q4,8080
16,AP,Amapá,2020,1,80.90123,0.2233127970243015,0.271712839184413,0.5049743637912855,557335.08939815,0.0,North,2020Q1,8081
16,AP,Amapá,2020,2,60.034459999999996,0.2338152283398857,0.2668395821686344,0.4993451894914798,567000.18667858,-0.293676167,North,2020Q2,8082
16,AP,Amapá,2020,3,102.25076333333334,0.2041910882029256,0.2540614601768878,0.5417474516201867,572334.25289393,-0.084446286,North,2020Q3,8083
16,AP,Amapá,2020,4,100.26586333333334,0.2269758053551363,0.247421376092868,0.5256028185519955,581979.85805116,0.0,North,2020Q4,8084
17,TO,Tocantins,2015,1,107.96256333333334,0.2391403654524027,0.2660079581251718,0.4948516764224254,1044359.1631925,0.092851242,North,2015Q1,8061
17,TO,Tocantins,2015,2,109.9631,0.2310622251165318,0.2848786775899691,0.4840590972934989,1051247.7083218,0.0,North,2015Q2,8062
17,TO,Tocantins,2015,3,104.42376999999999,0.2347397253006046,0.2693172963410671,0.4959429783583283,1043925.40603995,0.077390703,North,2015Q3,8063
17,TO,Tocantins,2015,4,101.83897,0.2371705374215644,0.2811646923959127,0.4816647701825228,1058250.72694261,0.0,North,2015Q4,8064
17,TO,Tocantins,2016,1,101.11768333333333,0.2467545732546554,0.2625912821096193,0.4906541446357254,1066151.80343028,-0.207600025,North,2016Q1,8065
17,TO,Tocantins,2016,2,96.08891333333334,0.2359585073944998,0.2538419302944657,0.5101995623110345,1080669.98376395,0.0,North,2016Q2,8066
17,TO,Tocantins,2016,3,94.71367333333335,0.2265264413384894,0.2654998370556807,0.5079737216058298,1080943.51702326,0.0,North,2016Q3,8067
17,TO,Tocantins,2016,4,95.57501666666667,0.222982379639222,0.2618987801636287,0.5151188401971492,1087509.72373068,0.0,North,2016Q4,8068
17,TO,Tocantins,2017,1,94.61719333333333,0.2299575980403383,0.251492389247841,0.5185500127118207,1093876.80887489,-0.224587529,North,2017Q1,8069
17,TO,Tocantins,2017,2,96.27038,0.2317049547111597,0.253382081572655,0.514912963716185,1102191.08866911,0.0,North,2017Q2,8070
17,TO,Tocantins,2017,3,99.19371666666666,0.2283260473472101,0.2489229113549155,0.5227510412978742,1112820.25601156,-0.328460526,North,2017Q3,8071
17,TO,Tocantins,2017,4,100.83668666666667,0.2291464951600676,0.2550705998330563,0.5157829050068761,1114994.40304673,-0.195035395,North,2017Q4,8072
17,TO,Tocantins,2018,1,102.85117333333334,0.2331075944354145,0.2550973399039673,0.5117950656606182,1124088.34496604,0.0,North,2018Q1,8073
17,TO,Tocantins,2018,2,104.46746666666667,0.2293393700224682,0.2523109747496299,0.5183496552279019,1132985.69293621,0.08898676,North,2018Q2,8074
17,TO,Tocantins,2018,3,103.92853333333333,0.2365219078988094,0.256161675253166,0.5073164168480246,1135818.60563189,0.0,North,2018Q3,8075
17,TO,Tocantins,2018,4,104.42698333333334,0.2343104240855415,0.2639939128301311,0.5016956630843273,1136386.55276524,0.0,North,2018Q4,8076
17,TO,Tocantins,2019,1,103.51026,0.2278172568391714,0.2534791999668886,0.5187035431939399,1129439.40979961,0.0,North,2019Q1,8077
17,TO,Tocantins,2019,2,112.08363000000001,0.2231961554155052,0.2562925066143406,0.5205113379701543,1135665.58273477,0.0,North,2019Q2,8078
17,TO,Tocantins,2019,3,112.06243,0.224674755494266,0.2616711524030437,0.5136540921026902,1144271.30204444,-0.104547698,North,2019Q3,8079
17,TO,Tocantins,2019,4,112.81664,0.2247163778821073,0.2679485305922722,0.5073350915256205,1149733.93134881,0.0,North,2019Q4,8080
17,TO,Tocantins,2020,1,111.40941666666667,0.2174433796200026,0.2573086560874874,0.5252479642925099,1157676.29308459,0.0,North,2020Q1,8081
17,TO,Tocantins,2020,2,109.76079,0.215152979019083,0.2397141062791742,0.5451329147017426,1152107.20863774,-0.293676167,North,2020Q2,8082
17,TO,Tocantins,2020,3,114.88620333333334,0.1996288509087939,0.255390272973211,0.5449808761179951,1136312.66832833,-0.084446286,North,2020Q3,8083
17,TO,Tocantins,2020,4,105.30672666666668,0.2318277586966171,0.2457844293896991,0.5223878119136837,1144185.11001664,0.0,North,2020Q4,8084
21,MA,Maranhão,2015,1,92.32221333333332,0.2519937847579988,0.2644126949106787,0.4835935203313226,4760669.723901,0.092851242,Northeast,2015Q1,8061
21,MA,Maranhão,2015,2,90.56143000000002,0.2518790171464646,0.2627167523366882,0.4854042305168472,4772183.69670493,0.0,Northeast,2015Q2,8062
21,MA,Maranhão,2015,3,88.57638666666666,0.2516534928300177,0.2678609821901559,0.4804855249798264,4807685.10662811,0.077390703,Northeast,2015Q3,8063
21,MA,Maranhão,2015,4,86.93475333333333,0.2431415124253818,0.2771204856655589,0.4797380019090592,4818804.55875325,0.0,Northeast,2015Q4,8064
21,MA,Maranhão,2016,1,84.52161666666667,0.2487523458389617,0.2612122457217227,0.4900354084393155,4843476.81159194,-0.207600025,Northeast,2016Q1,8065
21,MA,Maranhão,2016,2,84.37274333333333,0.2363388033695992,0.2573892325021221,0.5062719641282785,4845053.61693624,0.0,Northeast,2016Q2,8066
21,MA,Maranhão,2016,3,80.9157,0.2399120598283328,0.2498855178819523,0.5102024222897148,4878363.40436331,0.0,Northeast,2016Q3,8067
21,MA,Maranhão,2016,4,82.29666666666667,0.2411995553395085,0.2515399030100988,0.5072605416503927,4881940.09525967,0.0,Northeast,2016Q4,8068
21,MA,Maranhão,2017,1,85.21462666666666,0.2330936043045283,0.2498020210049753,0.5171043746904963,4896587.1486986,-0.224587529,Northeast,2017Q1,8069
21,MA,Maranhão,2017,2,87.44878,0.227271770021247,0.2509444546987709,0.521783775279982,4910913.67963552,0.0,Northeast,2017Q2,8070
21,MA,Maranhão,2017,3,87.83231333333333,0.2276933407813398,0.252694744486194,0.519611914732466,4932243.66954515,-0.328460526,Northeast,2017Q3,8071
21,MA,Maranhão,2017,4,88.05553333333334,0.2327956658383654,0.2470226347544502,0.5201816994071844,4949995.12039073,-0.195035395,Northeast,2017Q4,8072
21,MA,Maranhão,2018,1,92.18879,0.2223401319716622,0.2529893115911061,0.5246705564372316,4967165.60169816,0.0,Northeast,2018Q1,8073
21,MA,Maranhão,2018,2,90.82010666666667,0.2248479251340759,0.2459854858092169,0.5291665890567072,5001045.20534677,0.08898676,Northeast,2018Q2,8074
21,MA,Maranhão,2018,3,92.23848,0.2288594864359613,0.2432726645093531,0.5278678490546854,4987170.13579536,0.0,Northeast,2018Q3,8075
21,MA,Maranhão,2018,4,93.36060333333334,0.226845280402544,0.243661785585104,0.5294929340123519,5032028.02575287,0.0,Northeast,2018Q4,8076
21,MA,Maranhão,2019,1,92.55781666666667,0.2175993993883286,0.238887244833634,0.5435133557780373,5054061.46729175,0.0,Northeast,2019Q1,8077
21,MA,Maranhão,2019,2,91.81092333333333,0.2206799787700976,0.2420409660315322,0.5372790551983703,5076189.37893826,0.0,Northeast,2019Q2,8078
21,MA,Maranhão,2019,3,91.51668333333333,0.2214804284973675,0.2494886273676644,0.529030944134968,5077116.86845583,-0.104547698,Northeast,2019Q3,8079
21,MA,Maranhão,2019,4,94.02968,0.2296034361341767,0.2505858285377472,0.5198107353280761,5089300.87222268,0.0,Northeast,2019Q4,8080
21,MA,Maranhão,2020,1,91.88400000000001,0.214216785999863,0.2463397758641127,0.5394434381360244,5109716.77825649,0.0,Northeast,2020Q1,8081
21,MA,Maranhão,2020,2,86.06109,0.2246844013394354,0.230746833088216,0.5445687655723483,5102230.60251718,-0.293676167,Northeast,2020Q2,8082
21,MA,Maranhão,2020,3,111.14809333333334,0.2160909499940231,0.2386657931794918,0.545243256826485,5074991.50486706,-0.084446286,Northeast,2020Q3,8083
21,MA,Maranhão,2020,4,107.26696666666668,0.2236227462774659,0.2475823645739331,0.5287948891486011,5067156.15859626,0.0,Northeast,2020Q4,8084
22,PI,Piauí,2015,1,100.86266333333333,0.2459987545145947,0.2687426492119344,0.4852585962734708,2434682.78406587,0.092851242,Northeast,2015Q1,8061
22,PI,Piauí,2015,2,98.01444,0.2454845394369621,0.2659005520498981,0.4886149085131396,2466854.42395685,0.0,Northeast,2015Q2,8062
22,PI,Piauí,2015,3,95.80019,0.2437621638461508,0.2731617561058072,0.4830760800480419,2471082.56540627,0.077390703,Northeast,2015Q3,8063
22,PI,Piauí,2015,4,95.55743000000001,0.2345242027859685,0.2798959447335244,0.485579852480507,2483862.27712491,0.0,Northeast,2015Q4,8064
22,PI,Piauí,2016,1,92.65397666666667,0.2385209731852516,0.263096068936639,0.4983829578781093,2487257.21059293,-0.207600025,Northeast,2016Q1,8065
22,PI,Piauí,2016,2,91.07246333333335,0.2340215230324724,0.2585657088781701,0.5074127680893575,2483625.25593268,0.0,Northeast,2016Q2,8066
22,PI,Piauí,2016,3,86.26084666666667,0.2366909634416506,0.2576155982426193,0.5056934383157299,2485133.61688122,0.0,Northeast,2016Q3,8067
22,PI,Piauí,2016,4,85.20439666666665,0.2342281193871314,0.2578870506762136,0.507884829936655,2492867.91003433,0.0,Northeast,2016Q4,8068
22,PI,Piauí,2017,1,86.56420666666668,0.223776927640932,0.2492027378609204,0.5270203344981476,2485920.98745669,-0.224587529,Northeast,2017Q1,8069
22,PI,Piauí,2017,2,89.03107666666666,0.2261378934905122,0.2505299189504493,0.5233321875590384,2502378.77157568,0.0,Northeast,2017Q2,8070
22,PI,Piauí,2017,3,90.71965,0.2273253520146969,0.2463592237478135,0.5263154242374896,2504997.01900602,-0.328460526,Northeast,2017Q3,8071
22,PI,Piauí,2017,4,90.86634,0.2276598521886039,0.25486246225143,0.517477685559966,2505102.03484718,-0.195035395,Northeast,2017Q4,8072
22,PI,Piauí,2018,1,91.48809666666666,0.2281333931108253,0.2513315731925074,0.5205350336966673,2521562.59260527,0.0,Northeast,2018Q1,8073
22,PI,Piauí,2018,2,90.34302333333333,0.2246192810462015,0.2525065078200232,0.5228742111337753,2522565.01553882,0.08898676,Northeast,2018Q2,8074
22,PI,Piauí,2018,3,87.65607999999999,0.2261727347542509,0.2594769931930424,0.5143502720527067,2522171.07726354,0.0,Northeast,2018Q3,8075
22,PI,Piauí,2018,4,85.68832333333334,0.2301345521249804,0.2519797170964079,0.5178857307786117,2538417.02667428,0.0,Northeast,2018Q4,8076
22,PI,Piauí,2019,1,86.62845666666665,0.2216976828074139,0.2539191839571274,0.5243831332354586,2539335.48597371,0.0,Northeast,2019Q1,8077
22,PI,Piauí,2019,2,81.53231666666666,0.2208727596212607,0.2566128669013369,0.5225143734774026,2539751.94662277,0.0,Northeast,2019Q2,8078
22,PI,Piauí,2019,3,79.66711333333333,0.2186820223226356,0.2696121867393465,0.5117057909380177,2561584.23813715,-0.104547698,Northeast,2019Q3,8079
22,PI,Piauí,2019,4,86.02980333333335,0.2214426481417391,0.2658429712025661,0.5127143806556947,2569507.83515414,0.0,Northeast,2019Q4,8080
22,PI,Piauí,2020,1,87.41832333333333,0.2164811241826964,0.2566314687782942,0.5268874070390093,2535294.75298752,0.0,Northeast,2020Q1,8081
22,PI,Piauí,2020,2,73.29983333333332,0.2031447100655735,0.2338259740329138,0.5630293159015126,2576995.99795445,-0.293676167,Northeast,2020Q2,8082
22,PI,Piauí,2020,3,92.97113666666667,0.2101282717659528,0.2354309207426889,0.5544408074913582,2600741.56351153,-0.084446286,Northeast,2020Q3,8083
22,PI,Piauí,2020,4,102.09148,0.2270525249113341,0.2539749138576884,0.5189725612309775,2538046.62974432,0.0,Northeast,2020Q4,8084
23,CE,Ceará,2015,1,118.5278,0.2393210218326425,0.2506482072451355,0.5100307709222219,6644202.77848762,0.092851242,Northeast,2015Q1,8061
23,CE,Ceará,2015,2,115.44192666666667,0.2326682034131126,0.2559313223164616,0.5114004742704257,6663749.5859901,0.0,Northeast,2015Q2,8062
23,CE,Ceará,2015,3,111.70197,0.2294085676534794,0.2537112292361483,0.5168802031103722,6666365.97246805,0.077390703,Northeast,2015Q3,8063
23,CE,Ceará,2015,4,112.12635666666667,0.2366637211401117,0.2452515401178409,0.5180847387420473,6691560.51568818,0.0,Northeast,2015Q4,8064
23,CE,Ceará,2016,1,110.12877666666667,0.2306959183800837,0.2527488013452671,0.5165552802746491,6721415.37893102,-0.207600025,Northeast,2016Q1,8065
23,CE,Ceará,2016,2,106.82645333333333,0.2274719651578248,0.259253686328424,0.5132743485137511,6742219.0984158,0.0,Northeast,2016Q2,8066
23,CE,Ceará,2016,3,104.31554999999999,0.2283541898098625,0.2495396991432779,0.5221061110468596,6783762.23405674,0.0,Northeast,2016Q3,8067
23,CE,Ceará,2016,4,104.13295,0.2232584315934999,0.2564832150337208,0.5202583533727791,6810227.84169172,0.0,Northeast,2016Q4,8068
23,CE,Ceará,2017,1,104.05287333333332,0.2183908945619106,0.2464288591470979,0.5351802462909914,6846371.03388716,-0.224587529,Northeast,2017Q1,8069
23,CE,Ceará,2017,2,103.5729,0.2187723069343808,0.2502289796852666,0.5309987133803526,6888500.79365652,0.0,Northeast,2017Q2,8070
23,CE,Ceará,2017,3,105.10594666666667,0.2239329313813703,0.2507760191579337,0.5252910494606959,6885951.42864241,-0.328460526,Northeast,2017Q3,8071
23,CE,Ceará,2017,4,105.68763333333334,0.2316144854058668,0.2575855980984574,0.5107999164956757,6906948.93533368,-0.195035395,Northeast,2017Q4,8072
23,CE,Ceará,2018,1,107.66636999999999,0.2202100356138176,0.2468997995228476,0.5328901648633347,6918012.33336765,0.0,Northeast,2018Q1,8073
23,CE,Ceará,2018,2,106.96240666666667,0.2148272368807685,0.2541882460256209,0.5309845170936106,6966039.09074491,0.08898676,Northeast,2018Q2,8074
23,CE,Ceará,2018,3,106.63865,0.21951753399229,0.2580229012627599,0.52245956474495,6973944.30074665,0.0,Northeast,2018Q3,8075
23,CE,Ceará,2018,4,106.17394999999999,0.2276645201061226,0.2568910634857777,0.5154444164080996,6957098.85063252,0.0,Northeast,2018Q4,8076
23,CE,Ceará,2019,1,106.88263,0.2179172873454454,0.2531272792040007,0.5289554334505537,6982501.89467404,0.0,Northeast,2019Q1,8077
23,CE,Ceará,2019,2,105.74936333333333,0.223522026334079,0.2494196305956468,0.5270583430702741,6983616.00060998,0.0,Northeast,2019Q2,8078
23,CE,Ceará,2019,3,103.76218333333334,0.2137421022916037,0.2573245598500791,0.5289333378583171,7011912.23741928,-0.104547698,Northeast,2019Q3,8079
23,CE,Ceará,2019,4,105.16611666666667,0.2255733965957439,0.2563084983099069,0.518118105094349,7056893.92990208,0.0,Northeast,2019Q4,8080
23,CE,Ceará,2020,1,98.06847666666665,0.2184924568397643,0.2477616603772195,0.5337458827830163,7075689.83830457,0.0,Northeast,2020Q1,8081
23,CE,Ceará,2020,2,79.14737333333333,0.2142543146033025,0.2458047987751484,0.5399408866215489,7065547.99684228,-0.293676167,Northeast,2020Q2,8082
23,CE,Ceará,2020,3,108.30302666666667,0.2092938232879566,0.2361167726256082,0.5545894040864352,7072383.36838871,-0.084446286,Northeast,2020Q3,8083
23,CE,Ceará,2020,4,109.1194,0.2109311318568806,0.2395318463584812,0.5495370217846381,7107452.22935372,0.0,Northeast,2020Q4,8084
24,RN,Rio Grande do Norte,2015,1,108.55017,0.2233485108933381,0.2558699702931417,0.5207815188135202,2543080.5849829,0.092851242,Northeast,2015Q1,8061
24,RN,Rio Grande do Norte,2015,2,106.04910333333333,0.2205285570224026,0.2565055026322237,0.5229659403453737,2526154.66977915,0.0,Northeast,2015Q2,8062
24,RN,Rio Grande do Norte,2015,3,103.39787,0.2212168435032959,0.2518660648980114,0.5269170915986927,2542843.61075769,0.077390703,Northeast,2015Q3,8063
24,RN,Rio Grande do Norte,2015,4,101.82703333333332,0.2258773211912734,0.2524670426385543,0.5216556361701722,2571921.36304773,0.0,Northeast,2015Q4,8064
24,RN,Rio Grande do Norte,2016,1,96.79746666666666,0.2219014742778261,0.2463017811923007,0.5317967445298731,2572602.57625992,-0.207600025,Northeast,2016Q1,8065
24,RN,Rio Grande do Norte,2016,2,95.78168666666666,0.2146626963423167,0.2409483230886571,0.5443889805690263,2590442.71574274,0.0,Northeast,2016Q2,8066
24,RN,Rio Grande do Norte,2016,3,93.53197666666667,0.2161756935217715,0.2406819071880149,0.5431423992902136,2617139.83497442,0.0,Northeast,2016Q3,8067
24,RN,Rio Grande do Norte,2016,4,93.41945333333332,0.2247702506464259,0.2357697553262456,0.5394599940273284,2623120.23693806,0.0,Northeast,2016Q4,8068
24,RN,Rio Grande do Norte,2017,1,95.68195333333334,0.2217977750791986,0.2373904816880136,0.5408117432327878,2621059.99835303,-0.224587529,Northeast,2017Q1,8069
24,RN,Rio Grande do Norte,2017,2,95.76006666666667,0.2162662288538336,0.2374364914521577,0.5462972796940088,2612641.59620761,0.0,Northeast,2017Q2,8070
24,RN,Rio Grande do Norte,2017,3,96.98119333333334,0.2180644229328036,0.2396286815184833,0.542306895548713,2608093.35503882,-0.328460526,Northeast,2017Q3,8071
24,RN,Rio Grande do Norte,2017,4,98.55419,0.2140606644905682,0.2567843504463881,0.5291549850630436,2628099.51098226,-0.195035395,Northeast,2017Q4,8072
24,RN,Rio Grande do Norte,2018,1,105.61948333333333,0.2134275781430697,0.24897836731976,0.5375940545371701,2631938.02396122,0.0,Northeast,2018Q1,8073
24,RN,Rio Grande do Norte,2018,2,103.88094000000001,0.22744582872344,0.2303951680848864,0.5421590031916735,2638850.43726988,0.08898676,Northeast,2018Q2,8074
24,RN,Rio Grande do Norte,2018,3,102.22345666666666,0.2255937766003682,0.2436402850450485,0.5307659383545831,2636123.70421844,0.0,Northeast,2018Q3,8075
24,RN,Rio Grande do Norte,2018,4,101.73716333333334,0.212813026202032,0.2397181689884109,0.5474688048095571,2648328.78545448,0.0,Northeast,2018Q4,8076
24,RN,Rio Grande do Norte,2019,1,104.44698999999999,0.2105849414293366,0.2388921059117511,0.5505229526589123,2628237.96248964,0.0,Northeast,2019Q1,8077
24,RN,Rio Grande do Norte,2019,2,102.92169999999999,0.2163437058814106,0.2410379859769927,0.5426183081415966,2639381.79618164,0.0,Northeast,2019Q2,8078
24,RN,Rio Grande do Norte,2019,3,102.51578,0.2135184707605488,0.24271078400792,0.543770745231531,2621308.92662989,-0.104547698,Northeast,2019Q3,8079
24,RN,Rio Grande do Norte,2019,4,103.65237666666667,0.2108094440100477,0.2365123056239817,0.5526782503659704,2624682.62372808,0.0,Northeast,2019Q4,8080
24,RN,Rio Grande do Norte,2020,1,100.63196666666666,0.2159216097026681,0.2385885197102199,0.545489870587112,2635857.62779684,0.0,Northeast,2020Q1,8081
24,RN,Rio Grande do Norte,2020,2,87.82671,0.1858710738959351,0.2314292580252712,0.5826996680787936,2684954.40900933,-0.293676167,Northeast,2020Q2,8082
24,RN,Rio Grande do Norte,2020,3,103.61189333333334,0.2195936612943286,0.2259684647328461,0.5544378739728252,2654877.78655584,-0.084446286,Northeast,2020Q3,8083
24,RN,Rio Grande do Norte,2020,4,106.07423333333332,0.2368154890311181,0.2117504114443336,0.5514340995245484,2684148.33340202,0.0,Northeast,2020Q4,8084
25,PB,Paraíba,2015,1,96.27511333333332,0.2310130224528727,0.2628515669348486,0.5061354106122786,2918037.72099302,0.092851242,Northeast,2015Q1,8061
25,PB,Paraíba,2015,2,93.50956333333333,0.2349294547850326,0.2561130842877955,0.5089574609271718,2947491.79053365,0.0,Northeast,2015Q2,8062
25,PB,Paraíba,2015,3,93.04634666666668,0.2350070904444915,0.2458922358126553,0.5191006737428532,2958637.31126474,0.077390703,Northeast,2015Q3,8063
25,PB,Paraíba,2015,4,89.82029999999999,0.2200182659081937,0.2688597741381238,0.5111219599536823,2971980.23441193,0.0,Northeast,2015Q4,8064
25,PB,Paraíba,2016,1,90.85293666666666,0.2269015210220279,0.2471431997960124,0.5259552791819596,2992872.91753396,-0.207600025,Northeast,2016Q1,8065
25,PB,Paraíba,2016,2,89.50465000000001,0.2311643079180438,0.2515149460598572,0.517320746022099,3004651.66105751,0.0,Northeast,2016Q2,8066
25,PB,Paraíba,2016,3,90.87756999999999,0.2130865639836664,0.2494247214486681,0.5374887145676654,3014668.49958142,0.0,Northeast,2016Q3,8067
25,PB,Paraíba,2016,4,92.82389666666667,0.2307540900478051,0.2423023035897448,0.52694360636245,3021489.69499391,0.0,Northeast,2016Q4,8068
25,PB,Paraíba,2017,1,92.30644,0.233389057767801,0.2458552598156441,0.5207556824165547,3020681.15882056,-0.224587529,Northeast,2017Q1,8069
25,PB,Paraíba,2017,2,89.64552666666667,0.2308735475610423,0.2407672239191135,0.5283592285198441,3040067.86186541,0.0,Northeast,2017Q2,8070
25,PB,Paraíba,2017,3,86.26048666666667,0.2240940365552552,0.2561504708075578,0.5197554926371869,3046903.49780572,-0.328460526,Northeast,2017Q3,8071
25,PB,Paraíba,2017,4,86.04830333333332,0.2224188565890549,0.2570009698560383,0.5205801735549068,3061905.72780767,-0.195035395,Northeast,2017Q4,8072
25,PB,Paraíba,2018,1,91.47500666666667,0.2204144015674487,0.2467553488969054,0.5328302495356457,3064235.8888303,0.0,Northeast,2018Q1,8073
25,PB,Paraíba,2018,2,93.08640666666668,0.2207304221149919,0.2443405456936511,0.5349290321913569,3088936.72799537,0.08898676,Northeast,2018Q2,8074
25,PB,Paraíba,2018,3,90.68491333333334,0.2211615825178104,0.2503878431608781,0.5284505743213116,3081831.84279698,0.0,Northeast,2018Q3,8075
25,PB,Paraíba,2018,4,86.25819333333334,0.2249211675571237,0.2466299050218632,0.528448927421013,3088654.59259469,0.0,Northeast,2018Q4,8076
25,PB,Paraíba,2019,1,87.07187666666668,0.2326921765992833,0.2367987031416133,0.5305091202591034,3087464.21083803,0.0,Northeast,2019Q1,8077
25,PB,Paraíba,2019,2,86.31656333333335,0.2307743041456186,0.2273952509481757,0.5418304449062055,3107082.72440198,0.0,Northeast,2019Q2,8078
25,PB,Paraíba,2019,3,86.84766,0.222916141195486,0.2377194660345684,0.5393643927699454,3123591.35704992,-0.104547698,Northeast,2019Q3,8079
25,PB,Paraíba,2019,4,95.84416333333333,0.228151611903876,0.2460817462423062,0.5257666418538177,3120557.55806617,0.0,Northeast,2019Q4,8080
25,PB,Paraíba,2020,1,92.34449,0.2221959596489036,0.2456391829891138,0.5321648573619826,3115530.44325154,0.0,Northeast,2020Q1,8081
25,PB,Paraíba,2020,2,77.66600666666666,0.2257446733122015,0.2259450823863883,0.5483102443014102,3120166.33771318,-0.293676167,Northeast,2020Q2,8082
25,PB,Paraíba,2020,3,97.58150666666667,0.2109949651921972,0.2264743489652701,0.5625306858425326,3121716.59875303,-0.084446286,Northeast,2020Q3,8083
25,PB,Paraíba,2020,4,96.53152,0.2360404423865096,0.2233914132777058,0.5405681443357845,3089883.34296006,0.0,Northeast,2020Q4,8084
26,PE,Pernambuco,2015,1,115.04638,0.2362009288111368,0.2386100062792761,0.525189064909587,6997086.44387407,0.092851242,Northeast,2015Q1,8061
26,PE,Pernambuco,2015,2,109.94481,0.2311195068975022,0.2450959117527609,0.5237845813497368,7026012.45255802,0.0,Northeast,2015Q2,8062
26,PE,Pernambuco,2015,3,105.77197666666666,0.2234136686236559,0.2510604315867898,0.5255258997895542,7097256.31961646,0.077390703,Northeast,2015Q3,8063
26,PE,Pernambuco,2015,4,105.19887,0.2245234469739336,0.250427556428556,0.5250489965975104,7099757.14904887,0.0,Northeast,2015Q4,8064
26,PE,Pernambuco,2016,1,100.66665333333333,0.2190546404472695,0.2407338339126395,0.540211525640091,7117386.43257947,-0.207600025,Northeast,2016Q1,8065
26,PE,Pernambuco,2016,2,97.33092666666666,0.2271413792382804,0.2363387795004884,0.536519841261231,7108412.50513049,0.0,Northeast,2016Q2,8066
26,PE,Pernambuco,2016,3,96.00295333333334,0.2199819705753188,0.236550627084885,0.5434674023397961,7143000.14561583,0.0,Northeast,2016Q3,8067
26,PE,Pernambuco,2016,4,96.73441000000001,0.2184177352561901,0.2330879887925176,0.5484942759512921,7116982.19782285,0.0,Northeast,2016Q4,8068
26,PE,Pernambuco,2017,1,102.57115333333333,0.2170952152601334,0.2347254288626258,0.5481793558772408,7169202.75755203,-0.224587529,Northeast,2017Q1,8069
26,PE,Pernambuco,2017,2,103.92582666666668,0.2078488407474466,0.2271957710278467,0.5649553882247067,7176618.29546059,0.0,Northeast,2017Q2,8070
26,PE,Pernambuco,2017,3,102.45637666666666,0.2097958578540975,0.2319340708011593,0.558270071344743,7196261.1150858,-0.328460526,Northeast,2017Q3,8071
26,PE,Pernambuco,2017,4,101.83229,0.2153518404036949,0.2356557677172626,0.5489923918790425,7218714.07629348,-0.195035395,Northeast,2017Q4,8072
26,PE,Pernambuco,2018,1,102.01938,0.2105054745033316,0.2362510928149334,0.5532434326817348,7200993.87468799,0.0,Northeast,2018Q1,8073
26,PE,Pernambuco,2018,2,101.46314666666666,0.2146221531901074,0.2338418558090691,0.5515359910008234,7221159.16155875,0.08898676,Northeast,2018Q2,8074
26,PE,Pernambuco,2018,3,100.80912333333333,0.21596287385078,0.2321232987996276,0.5519138273495924,7227817.71108313,0.0,Northeast,2018Q3,8075
26,PE,Pernambuco,2018,4,102.44946,0.2162534318175697,0.2423740149577447,0.5413725532246855,7196341.19276447,0.0,Northeast,2018Q4,8076
26,PE,Pernambuco,2019,1,100.75367666666666,0.2144188474287209,0.2339376418005744,0.5516435107707048,7228694.81150856,0.0,Northeast,2019Q1,8077
26,PE,Pernambuco,2019,2,101.50809333333332,0.2069102875330704,0.24302232025878,0.5500673922081496,7252846.07739881,0.0,Northeast,2019Q2,8078
26,PE,Pernambuco,2019,3,102.16380666666667,0.2232951441330732,0.234780258650632,0.5419245972162947,7252058.81510126,-0.104547698,Northeast,2019Q3,8079
26,PE,Pernambuco,2019,4,104.36786666666667,0.2173037530900912,0.2450229595936519,0.5376732873162569,7318587.2905103,0.0,Northeast,2019Q4,8080
26,PE,Pernambuco,2020,1,100.14367,0.2179797128292447,0.2394225073451521,0.5425977798256032,7419618.91003494,0.0,Northeast,2020Q1,8081
26,PE,Pernambuco,2020,2,85.63168333333333,0.2118876677468226,0.2212244825210678,0.5668878497321095,7333922.5941575,-0.293676167,Northeast,2020Q2,8082
26,PE,Pernambuco,2020,3,110.90319,0.2006447471397986,0.2255433152672899,0.5738119375929114,7263485.51953062,-0.084446286,Northeast,2020Q3,8083
26,PE,Pernambuco,2020,4,112.22348333333333,0.2159283339148176,0.2289089652829576,0.5551627008022247,7252700.12822496,0.0,Northeast,2020Q4,8084
27,AL,Alagoas,2015,1,103.16994666666666,0.2269058851390033,0.2495056013785203,0.5235885134824763,2324789.26190194,0.092851242,Northeast,2015Q1,8061
27,AL,Alagoas,2015,2,99.65063666666667,0.2251512136630511,0.244524950918416,0.5303238354185328,2338423.79127056,0.0,Northeast,2015Q2,8062
27,AL,Alagoas,2015,3,92.83055,0.2303022590137534,0.2357536689651649,0.5339440720210816,2352428.8704887,0.077390703,Northeast,2015Q3,8063
27,AL,Alagoas,2015,4,95.43606,0.2243113754616482,0.2548916523588919,0.5207969721794597,2353539.40763032,0.0,Northeast,2015Q4,8064
27,AL,Alagoas,2016,1,92.58132,0.2303135650750424,0.2358212949030533,0.5338651400219043,2359137.58394945,-0.207600025,Northeast,2016Q1,8065
27,AL,Alagoas,2016,2,91.12167666666666,0.2247834364566834,0.2432835156089495,0.5319330479343669,2369663.48294949,0.0,Northeast,2016Q2,8066
27,AL,Alagoas,2016,3,90.24925,0.2232680970394398,0.2362754503787349,0.5404564525818253,2390342.43854215,0.0,Northeast,2016Q3,8067
27,AL,Alagoas,2016,4,90.52992333333333,0.2140346983633868,0.2450278685423769,0.5409374330942363,2393848.31106869,0.0,Northeast,2016Q4,8068
27,AL,Alagoas,2017,1,99.90301,0.2154231536859152,0.2306307409081755,0.5539461054059092,2403349.15147819,-0.224587529,Northeast,2017Q1,8069
27,AL,Alagoas,2017,2,98.57365,0.2157903150825299,0.2291895053986082,0.555020179518862,2412306.16843797,0.0,Northeast,2017Q2,8070
27,AL,Alagoas,2017,3,98.89061333333332,0.2148972296725476,0.2295966691084874,0.555506101218965,2420419.27415687,-0.328460526,Northeast,2017Q3,8071
27,AL,Alagoas,2017,4,96.85797666666667,0.2105874017634638,0.2284337803582793,0.5609788178782569,2421201.55052144,-0.195035395,Northeast,2017Q4,8072
27,AL,Alagoas,2018,1,99.07895,0.2095662737959246,0.2221236103302517,0.5683101158738236,2431683.9214763,0.0,Northeast,2018Q1,8073
27,AL,Alagoas,2018,2,100.61838,0.2171718591077875,0.211939897244658,0.5708882436475544,2442924.25227747,0.08898676,Northeast,2018Q2,8074
27,AL,Alagoas,2018,3,97.86491333333333,0.2111408405054917,0.2232283244156535,0.5656308350788548,2431679.02638692,0.0,Northeast,2018Q3,8075
27,AL,Alagoas,2018,4,97.56087000000001,0.2179975655241167,0.2188057730052753,0.5631966614706081,2437965.63608319,0.0,Northeast,2018Q4,8076
27,AL,Alagoas,2019,1,97.82981666666666,0.2121236559612502,0.2240633971757159,0.5638129468630338,2433998.95655196,0.0,Northeast,2019Q1,8077
27,AL,Alagoas,2019,2,95.91740333333333,0.2178382372540439,0.2246442696041114,0.5575174931418446,2443403.36646577,0.0,Northeast,2019Q2,8078
27,AL,Alagoas,2019,3,95.11257333333333,0.2184377362628032,0.2249582959718722,0.5566039677653244,2445386.43647151,-0.104547698,Northeast,2019Q3,8079
27,AL,Alagoas,2019,4,96.95532666666668,0.2103763400562866,0.2292336835388619,0.5603899764048514,2435722.42245583,0.0,Northeast,2019Q4,8080
27,AL,Alagoas,2020,1,95.60093,0.2027571177305951,0.2254048223173166,0.5718380599520883,2417579.46579857,0.0,Northeast,2020Q1,8081
27,AL,Alagoas,2020,2,77.73901333333333,0.2099999075289631,0.2315841427412036,0.5584159497298331,2404974.45918177,-0.293676167,Northeast,2020Q2,8082
27,AL,Alagoas,2020,3,98.47778666666666,0.2089211887684815,0.2293768091807936,0.561702002050725,2401606.18558023,-0.084446286,Northeast,2020Q3,8083
27,AL,Alagoas,2020,4,102.95518333333332,0.2058376024073255,0.2302344716504826,0.5639279259421918,2438044.52933416,0.0,Northeast,2020Q4,8084
28,SE,Sergipe,2015,1,134.67792666666668,0.2552803968792176,0.2534362856794031,0.4912833174413794,1636855.14883461,0.092851242,Northeast,2015Q1,8061
28,SE,Sergipe,2015,2,135.72036333333335,0.2497390374742973,0.2556991490587284,0.4945618134669742,1651817.09133045,0.0,Northeast,2015Q2,8062
28,SE,Sergipe,2015,3,121.02465333333333,0.2561095685316328,0.2538279104927132,0.4900625209756539,1658519.87869827,0.077390703,Northeast,2015Q3,8063
28,SE,Sergipe,2015,4,117.63032,0.2392503466116239,0.2619541696459362,0.4987954837424398,1672986.00786158,0.0,Northeast,2015Q4,8064
28,SE,Sergipe,2016,1,116.49392,0.2348444669357139,0.2599975316811527,0.5051580013831335,1686561.28736928,-0.207600025,Northeast,2016Q1,8065
28,SE,Sergipe,2016,2,114.97212333333334,0.2255379726431068,0.2417627840966733,0.5326992432602198,1679379.64451294,0.0,Northeast,2016Q2,8066
28,SE,Sergipe,2016,3,111.51289000000001,0.2323874318209225,0.240542095556177,0.5270704726229004,1693899.31076892,0.0,Northeast,2016Q3,8067
28,SE,Sergipe,2016,4,112.46603333333333,0.2312080686179114,0.240493418702874,0.5282985126792147,1695445.24472643,0.0,Northeast,2016Q4,8068
28,SE,Sergipe,2017,1,109.12163,0.2167412112889547,0.2301317695145014,0.5531270191965437,1693507.13711147,-0.224587529,Northeast,2017Q1,8069
28,SE,Sergipe,2017,2,107.42042666666667,0.2249355242575159,0.2371568761730176,0.5379075995694665,1693080.06222572,0.0,Northeast,2017Q2,8070
28,SE,Sergipe,2017,3,108.17291333333333,0.2204283088838067,0.2455447117401635,0.5340269793760297,1687248.23688534,-0.328460526,Northeast,2017Q3,8071
28,SE,Sergipe,2017,4,107.35230666666666,0.2238099332717909,0.2542572493877751,0.521932817340434,1688936.28521082,-0.195035395,Northeast,2017Q4,8072
28,SE,Sergipe,2018,1,108.33141666666666,0.2190619005185256,0.2432442092516747,0.5376938902297996,1685913.22538461,0.0,Northeast,2018Q1,8073
28,SE,Sergipe,2018,2,108.86205333333334,0.2127556137554976,0.2417767244605985,0.5454676617839038,1688051.80339736,0.08898676,Northeast,2018Q2,8074
28,SE,Sergipe,2018,3,108.72649333333334,0.2211263409339628,0.2435272081202796,0.5353464509457575,1694494.21052664,0.0,Northeast,2018Q3,8075
28,SE,Sergipe,2018,4,107.99918000000001,0.2200043086892044,0.2462581211999874,0.5337375701108082,1716450.65466402,0.0,Northeast,2018Q4,8076
28,SE,Sergipe,2019,1,108.79104,0.2136581473893996,0.2486226766773157,0.5377191759332846,1706423.05813281,0.0,Northeast,2019Q1,8077
28,SE,Sergipe,2019,2,106.15915666666666,0.2244977213401185,0.2613061071256582,0.5141961715342233,1720833.97449675,0.0,Northeast,2019Q2,8078
28,SE,Sergipe,2019,3,104.60059333333334,0.2311879241990191,0.2525627075438941,0.5162493682570868,1724064.71869741,-0.104547698,Northeast,2019Q3,8079
28,SE,Sergipe,2019,4,106.64076999999999,0.2341145395408845,0.2522767614345439,0.5136086990245716,1728661.32897818,0.0,Northeast,2019Q4,8080
28,SE,Sergipe,2020,1,103.08632,0.2239754196123196,0.2644916613861247,0.5115329190015557,1723913.83509484,0.0,Northeast,2020Q1,8081
28,SE,Sergipe,2020,2,89.50172333333335,0.2083556847040674,0.2330764539214723,0.5585678613744602,1751081.10110637,-0.293676167,Northeast,2020Q2,8082
28,SE,Sergipe,2020,3,105.91686666666668,0.2105767507456766,0.2307214668155303,0.5587017824387931,1741250.64258077,-0.084446286,Northeast,2020Q3,8083
28,SE,Sergipe,2020,4,109.71058000000001,0.2092156474882464,0.2308687101767674,0.559915642334986,1752282.95742036,0.0,Northeast,2020Q4,8084
29,BA,Bahia,2015,1,127.83857,0.2380076613898153,0.2569066882092218,0.505085650400963,10915837.5612861,0.092851242,Northeast,2015Q1,8061
29,BA,Bahia,2015,2,124.33792,0.2340922456036176,0.2512756289020947,0.5146321254942876,10985790.85595558,0.0,Northeast,2015Q2,8062
29,BA,Bahia,2015,3,119.58088333333335,0.231190462343991,0.2577154454670188,0.5110940921889899,10976379.82861405,0.077390703,Northeast,2015Q3,8063
29,BA,Bahia,2015,4,116.26120666666668,0.2288497248122768,0.2634151861667607,0.5077350890209623,10988933.39975417,0.0,Northeast,2015Q4,8064
29,BA,Bahia,2016,1,111.33280666666667,0.2253026916835513,0.2551896348534755,0.5195076734629731,10987458.55671674,-0.207600025,Northeast,2016Q1,8065
29,BA,Bahia,2016,2,106.64336333333334,0.2310793164440517,0.2470319634432845,0.5218887201126636,11011243.19647691,0.0,Northeast,2016Q2,8066
29,BA,Bahia,2016,3,104.99827666666665,0.2196057876694524,0.2422630426650003,0.5381311696655474,11096779.65111149,0.0,Northeast,2016Q3,8067
29,BA,Bahia,2016,4,103.77659333333334,0.2184689997473316,0.243215059818404,0.5383159404342643,11164886.58067851,0.0,Northeast,2016Q4,8068
29,BA,Bahia,2017,1,107.68603,0.2157971375283354,0.2381156413956761,0.5460872210759884,11233803.33564733,-0.224587529,Northeast,2017Q1,8069
29,BA,Bahia,2017,2,106.40517666666666,0.2278760244629851,0.2446037202414439,0.5275202552955709,11179543.63276203,0.0,Northeast,2017Q2,8070
29,BA,Bahia,2017,3,105.74623333333334,0.2146800289742041,0.2404140364880729,0.5449059345377227,11234239.04723446,-0.328460526,Northeast,2017Q3,8071
29,BA,Bahia,2017,4,106.88378,0.2174065694284446,0.2478601188013657,0.5347333117701897,11207341.5976833,-0.195035395,Northeast,2017Q4,8072
29,BA,Bahia,2018,1,106.47416333333332,0.2212213854212065,0.2378655414728862,0.5409130731059072,11265254.77035392,0.0,Northeast,2018Q1,8073
29,BA,Bahia,2018,2,105.96606333333334,0.2097480950715455,0.2465660674954979,0.5436858374329565,11281259.30623511,0.08898676,Northeast,2018Q2,8074
29,BA,Bahia,2018,3,105.19137666666666,0.2160817163036088,0.2471258760990874,0.5367924075973038,11362137.28025302,0.0,Northeast,2018Q3,8075
29,BA,Bahia,2018,4,107.97035666666666,0.2174270094828966,0.2400084784322157,0.5425645120848877,11312312.74044207,0.0,Northeast,2018Q4,8076
29,BA,Bahia,2019,1,107.67554333333334,0.2146052105684702,0.2415812094398034,0.5438135799917262,11374250.58109501,0.0,Northeast,2019Q1,8077
29,BA,Bahia,2019,2,107.04799666666668,0.2139547751075152,0.2396540009202441,0.5463912239722405,11399012.55564879,0.0,Northeast,2019Q2,8078
29,BA,Bahia,2019,3,106.14329666666667,0.2210425450498052,0.2368554291389028,0.542102025811292,11400126.97171024,-0.104547698,Northeast,2019Q3,8079
29,BA,Bahia,2019,4,113.52334333333333,0.2171190689653623,0.242535498256863,0.5403454327777746,11391689.62302271,0.0,Northeast,2019Q4,8080
29,BA,Bahia,2020,1,104.03838,0.2122905901878497,0.2351015622324866,0.5526078475796636,11433292.77239537,0.0,Northeast,2020Q1,8081
29,BA,Bahia,2020,2,85.35318,0.2002187493594325,0.2240003959275284,0.5757808547130389,11452964.01042083,-0.293676167,Northeast,2020Q2,8082
29,BA,Bahia,2020,3,109.67328333333334,0.200964041412612,0.2231699631400186,0.5758659954473694,11562396.52970198,-0.084446286,Northeast,2020Q3,8083
29,BA,Bahia,2020,4,115.05523333333333,0.1986188772982674,0.236875526807946,0.5645055958937866,11585545.96250511,0.0,Northeast,2020Q4,8084
31,MG,Minas Gerais,2015,1,88.68717333333332,0.1925695431371929,0.2696416118606,0.537788845002207,16079530.26155342,0.092851242,Southeast,2015Q1,8061
31,MG,Minas Gerais,2015,2,87.65617666666667,0.1943894238977255,0.2751326661718447,0.5304779099304298,16142461.44193236,0.0,Southeast,2015Q2,8062
31,MG,Minas Gerais,2015,3,87.58730333333334,0.1881012965856056,0.2701455351550244,0.5417531682593699,16244814.26563066,0.077390703,Southeast,2015Q3,8063
31,MG,Minas Gerais,2015,4,88.48952333333334,0.1805309236827708,0.2695494995295055,0.5499195767877237,16353932.97571016,0.0,Southeast,2015Q4,8064
31,MG,Minas Gerais,2016,1,86.81340666666667,0.1836240714033925,0.2604643255664257,0.5559116030301818,16393212.33220497,-0.207600025,Southeast,2016Q1,8065
31,MG,Minas Gerais,2016,2,86.82310333333334,0.1888068530913102,0.2636753071956116,0.5475178397130781,16440576.00033086,0.0,Southeast,2016Q2,8066
31,MG,Minas Gerais,2016,3,86.76473,0.1858279320388245,0.2652011554129996,0.5489709125481759,16386328.25144488,0.0,Southeast,2016Q3,8067
31,MG,Minas Gerais,2016,4,85.22451,0.1873000500822097,0.2691703629527731,0.5435295869650171,16391414.18894819,0.0,Southeast,2016Q4,8068
31,MG,Minas Gerais,2017,1,90.60297333333334,0.1852741569300341,0.2631442886235212,0.5515815544464446,16411797.34643302,-0.224587529,Southeast,2017Q1,8069
31,MG,Minas Gerais,2017,2,91.32712,0.1814885098883243,0.2618197135285448,0.5566917765831308,16457877.0725947,0.0,Southeast,2017Q2,8070
31,MG,Minas Gerais,2017,3,89.40615666666667,0.1858548842222303,0.2586929213874647,0.555452194390305,16474791.95286217,-0.328460526,Southeast,2017Q3,8071
31,MG,Minas Gerais,2017,4,92.78465666666666,0.1823551514588895,0.2712653472805313,0.546379501260579,16575022.63436784,-0.195035395,Southeast,2017Q4,8072
31,MG,Minas Gerais,2018,1,93.06859333333334,0.1800001439242937,0.2657410014973317,0.5542588545783746,16594706.52647619,0.0,Southeast,2018Q1,8073
31,MG,Minas Gerais,2018,2,92.47834999999999,0.1798816333956253,0.2697634141481663,0.5503549524562084,16664899.62466064,0.08898676,Southeast,2018Q2,8074
31,MG,Minas Gerais,2018,3,87.83314333333333,0.1842250401037446,0.2686830306224696,0.5470919292737858,16632002.17991495,0.0,Southeast,2018Q3,8075
31,MG,Minas Gerais,2018,4,90.53226000000001,0.184208680475533,0.2655618426464852,0.5502294768779818,16652902.48595525,0.0,Southeast,2018Q4,8076
31,MG,Minas Gerais,2019,1,91.84137666666668,0.1819653899908295,0.2634014431671911,0.5546331668419794,16645185.51474049,0.0,Southeast,2019Q1,8077
31,MG,Minas Gerais,2019,2,90.85764,0.1832710667916099,0.2724681919669816,0.5442607412414083,16729151.92219391,0.0,Southeast,2019Q2,8078
31,MG,Minas Gerais,2019,3,91.34635666666667,0.1811985634685677,0.274206780521923,0.5445946560095092,16787742.04129045,-0.104547698,Southeast,2019Q3,8079
31,MG,Minas Gerais,2019,4,93.32453666666667,0.1844280144414148,0.2678208352290078,0.5477511503295772,16833962.36944355,0.0,Southeast,2019Q4,8080
31,MG,Minas Gerais,2020,1,91.61686333333334,0.1806406590526598,0.2689631464695408,0.5503961944777992,16846798.28910129,0.0,Southeast,2020Q1,8081
31,MG,Minas Gerais,2020,2,86.53075333333334,0.1772019523877394,0.2513183009462879,0.5714797466659726,16748391.62954078,-0.293676167,Southeast,2020Q2,8082
31,MG,Minas Gerais,2020,3,99.98217333333334,0.1763342258632898,0.2484720776385729,0.5751936964981372,16746331.76897067,-0.084446286,Southeast,2020Q3,8083
31,MG,Minas Gerais,2020,4,100.11742666666667,0.1827182647073362,0.2534345679728593,0.5638471673198046,16805055.87548361,0.0,Southeast,2020Q4,8084
32,ES,Espírito Santo,2015,1,90.28932666666667,0.196967989143513,0.253871559942159,0.5491604509143279,2962007.04792713,0.092851242,Southeast,2015Q1,8061
32,ES,Espírito Santo,2015,2,87.04059666666667,0.2029491265399298,0.2556286396002182,0.5414222338598519,2995931.30800222,0.0,Southeast,2015Q2,8062
32,ES,Espírito Santo,2015,3,84.30203,0.1906119137805468,0.2578427497615201,0.551545336457933,2996848.4391155,0.077390703,Southeast,2015Q3,8063
32,ES,Espírito Santo,2015,4,82.24246666666666,0.188990183857646,0.2537384989960755,0.5572713171462784,3025045.57637082,0.0,Southeast,2015Q4,8064
32,ES,Espírito Santo,2016,1,81.07915,0.1859871653547562,0.2525502892604571,0.5614625453847866,3033433.71119916,-0.207600025,Southeast,2016Q1,8065
32,ES,Espírito Santo,2016,2,76.24731333333334,0.1920008188156909,0.2555420820732244,0.5524570991110846,3022846.42375264,0.0,Southeast,2016Q2,8066
32,ES,Espírito Santo,2016,3,73.60671333333333,0.175100642507026,0.2620831455156455,0.5628162119773285,3033994.56126629,0.0,Southeast,2016Q3,8067
32,ES,Espírito Santo,2016,4,74.91829,0.1827657197233287,0.2493792649806756,0.5678550152959957,3044202.56650226,0.0,Southeast,2016Q4,8068
32,ES,Espírito Santo,2017,1,71.13519666666667,0.1841902274135148,0.2377690010395053,0.5780407715469799,3059798.78487857,-0.224587529,Southeast,2017Q1,8069
32,ES,Espírito Santo,2017,2,75.45123,0.1836166678406696,0.248827033518477,0.5675562986408533,3063661.49716748,0.0,Southeast,2017Q2,8070
32,ES,Espírito Santo,2017,3,76.64026666666668,0.1916721115588572,0.2427354533139567,0.565592435127186,3066894.32579685,-0.328460526,Southeast,2017Q3,8071
32,ES,Espírito Santo,2017,4,76.81208333333333,0.1847799194296792,0.2568381953480348,0.5583818852222859,3047610.86492675,-0.195035395,Southeast,2017Q4,8072
32,ES,Espírito Santo,2018,1,77.16839,0.1891156831619179,0.2504145093887799,0.5604698074493021,3066390.684035,0.0,Southeast,2018Q1,8073
32,ES,Espírito Santo,2018,2,80.80538,0.1845542030346454,0.2592084038075504,0.5562373931578042,3070964.06689023,0.08898676,Southeast,2018Q2,8074
32,ES,Espírito Santo,2018,3,82.12992666666668,0.1943596341907612,0.2545092141277268,0.5511311516815119,3080733.61750576,0.0,Southeast,2018Q3,8075
32,ES,Espírito Santo,2018,4,82.55790999999999,0.192383831196461,0.2590531559846572,0.5485630128188818,3074144.19971427,0.0,Southeast,2018Q4,8076
32,ES,Espírito Santo,2019,1,84.35394000000001,0.1863993683907337,0.2516193912185109,0.5619812403907554,3076781.79004141,0.0,Southeast,2019Q1,8077
32,ES,Espírito Santo,2019,2,84.53880333333333,0.1905329347719591,0.2648604700557104,0.5446065951723305,3087721.42372292,0.0,Southeast,2019Q2,8078
32,ES,Espírito Santo,2019,3,83.30138,0.1890949531909177,0.2662584765757749,0.5446465702333074,3093515.17225747,-0.104547698,Southeast,2019Q3,8079
32,ES,Espírito Santo,2019,4,86.00531666666666,0.1898144301141191,0.2625673383925008,0.54761823149338,3128131.8218823,0.0,Southeast,2019Q4,8080
32,ES,Espírito Santo,2020,1,85.60551666666667,0.1892234568666338,0.2567052799014463,0.5540712632319199,3137713.51990385,0.0,Southeast,2020Q1,8081
32,ES,Espírito Santo,2020,2,80.36583333333333,0.1807056384843079,0.2410353943134404,0.5782589672022516,3159573.57311222,-0.293676167,Southeast,2020Q2,8082
32,ES,Espírito Santo,2020,3,91.19613666666667,0.1854807669757026,0.2406999543186959,0.5738192787056016,3142975.37595656,-0.084446286,Southeast,2020Q3,8083
32,ES,Espírito Santo,2020,4,94.91189333333334,0.182676554043831,0.2446513686955942,0.5726720772605748,3131289.838618,0.0,Southeast,2020Q4,8084
33,RJ,Rio de Janeiro,2015,1,116.29520333333333,0.190732526915243,0.2374565170598877,0.5718109560248692,13757755.51519493,0.092851242,Southeast,2015Q1,8061
33,RJ,Rio de Janeiro,2015,2,113.39921666666667,0.1888413828945541,0.2391987616256219,0.571959855479824,13773653.69979103,0.0,Southeast,2015Q2,8062
33,RJ,Rio de Janeiro,2015,3,110.95024666666666,0.1852424469273331,0.2402094032150345,0.5745481498576323,13786166.90100686,0.077390703,Southeast,2015Q3,8063
33,RJ,Rio de Janeiro,2015,4,110.84383666666668,0.1854569557803658,0.2381719139374799,0.5763711302821541,13755312.09826908,0.0,Southeast,2015Q4,8064
33,RJ,Rio de Janeiro,2016,1,106.05569333333334,0.183352157788552,0.236683452277435,0.579964389934013,13783252.27005597,-0.207600025,Southeast,2016Q1,8065
33,RJ,Rio de Janeiro,2016,2,104.52569666666666,0.1871534194349488,0.2288264060083903,0.5840201745566608,13758185.92939861,0.0,Southeast,2016Q2,8066
33,RJ,Rio de Janeiro,2016,3,101.49554666666666,0.1820305511241357,0.2343298444447645,0.5836396044310999,13774662.2223835,0.0,Southeast,2016Q3,8067
33,RJ,Rio de Janeiro,2016,4,101.78215,0.1838372863343921,0.2277028455820534,0.5884598680835544,13826753.49785485,0.0,Southeast,2016Q4,8068
33,RJ,Rio de Janeiro,2017,1,102.15017999999999,0.1815316807692443,0.2251723989607962,0.5932959202699594,13924580.71904499,-0.224587529,Southeast,2017Q1,8069
33,RJ,Rio de Janeiro,2017,2,102.08324333333333,0.1789365645658766,0.2219729272310458,0.5990905082030775,14011412.0327543,0.0,Southeast,2017Q2,8070
33,RJ,Rio de Janeiro,2017,3,102.13668,0.1815277492672976,0.2226019106580417,0.5958703400746607,13988267.42719852,-0.328460526,Southeast,2017Q3,8071
33,RJ,Rio de Janeiro,2017,4,101.06648666666666,0.1812677769712919,0.2235152328979051,0.5952169901308029,13996628.00651119,-0.195035395,Southeast,2017Q4,8072
33,RJ,Rio de Janeiro,2018,1,103.30604333333333,0.1758590086129497,0.2230578899931868,0.6010831013938636,14046515.42208604,0.0,Southeast,2018Q1,8073
33,RJ,Rio de Janeiro,2018,2,103.35326333333335,0.1791041027043562,0.2184915533529762,0.6024043439426675,14036892.6067481,0.08898676,Southeast,2018Q2,8074
33,RJ,Rio de Janeiro,2018,3,100.53480666666667,0.1809767032341842,0.2184397959767253,0.6005835007890905,14017242.84734805,0.0,Southeast,2018Q3,8075
33,RJ,Rio de Janeiro,2018,4,102.91901,0.184110387101704,0.2228428367890172,0.5930467761092787,14025104.0364507,0.0,Southeast,2018Q4,8076
33,RJ,Rio de Janeiro,2019,1,104.00683,0.1805871942400637,0.2207261397910859,0.5986866659688502,14068087.33086861,0.0,Southeast,2019Q1,8077
33,RJ,Rio de Janeiro,2019,2,100.29899999999999,0.1780166480946674,0.2244550170249704,0.5975283348803622,14094725.96289763,0.0,Southeast,2019Q2,8078
33,RJ,Rio de Janeiro,2019,3,102.22521666666667,0.1808450243213566,0.220226042074513,0.5989289336041302,14143465.17361447,-0.104547698,Southeast,2019Q3,8079
33,RJ,Rio de Janeiro,2019,4,105.27569999999999,0.1821191926285995,0.2224575286736783,0.5954232786977222,14163846.6332868,0.0,Southeast,2019Q4,8080
33,RJ,Rio de Janeiro,2020,1,104.63294333333333,0.1823199769408058,0.2132046192301171,0.6044754038290769,14213747.99745686,0.0,Southeast,2020Q1,8081
33,RJ,Rio de Janeiro,2020,2,92.43236999999999,0.1706234062187862,0.2015736159396823,0.6278029778415314,14259471.05341429,-0.293676167,Southeast,2020Q2,8082
33,RJ,Rio de Janeiro,2020,3,108.62038666666666,0.174828106188676,0.1989339187783613,0.6262379750329627,14231378.29015782,-0.084446286,Southeast,2020Q3,8083
33,RJ,Rio de Janeiro,2020,4,109.46919333333334,0.1703284287112652,0.1967659128050811,0.6329056584836535,14129594.58905656,0.0,Southeast,2020Q4,8084
35,SP,São Paulo,2015,1,99.26912,0.1962333727127719,0.2444729671366833,0.5592936601505447,35216454.70929593,0.092851242,Southeast,2015Q1,8061
35,SP,São Paulo,2015,2,96.43379666666668,0.1904071986929044,0.2407719661505209,0.5688208351565746,35289359.78650069,0.0,Southeast,2015Q2,8062
35,SP,São Paulo,2015,3,93.49048333333333,0.19468921450175,0.2415124464008181,0.5637983390974319,35296762.22569581,0.077390703,Southeast,2015Q3,8063
35,SP,São Paulo,2015,4,94.11986333333334,0.1885705449235982,0.2478518436267044,0.5635776114496973,35380989.6965157,0.0,Southeast,2015Q4,8064
35,SP,São Paulo,2016,1,92.08125666666666,0.1863144438702042,0.2367691709136083,0.5769163852161874,35397750.77318985,-0.207600025,Southeast,2016Q1,8065
35,SP,São Paulo,2016,2,92.17379999999999,0.1889114478165021,0.2390170441804844,0.5720715080030134,35601353.81911731,0.0,Southeast,2016Q2,8066
35,SP,São Paulo,2016,3,90.04488666666667,0.1836794781653159,0.2374140163380725,0.5789065054966114,35574227.15484776,0.0,Southeast,2016Q3,8067
35,SP,São Paulo,2016,4,89.43440333333332,0.1868422337804717,0.232989724173326,0.5801680420462022,35724454.32629433,0.0,Southeast,2016Q4,8068
35,SP,São Paulo,2017,1,91.06124,0.1890917549655021,0.2336267023128271,0.5772815427216709,35584575.35116564,-0.224587529,Southeast,2017Q1,8069
35,SP,São Paulo,2017,2,93.28696000000001,0.1848298442644734,0.2354984065166222,0.5796717492189044,35761929.98744803,0.0,Southeast,2017Q2,8070
35,SP,São Paulo,2017,3,93.07194,0.1864058491402567,0.2388064090257539,0.5747877418339893,35823242.09062237,-0.328460526,Southeast,2017Q3,8071
35,SP,São Paulo,2017,4,93.23701666666666,0.1864732745914063,0.2412663387056476,0.5722603867029459,35876007.45677973,-0.195035395,Southeast,2017Q4,8072
35,SP,São Paulo,2018,1,93.62777,0.1852510045149387,0.2363173051471162,0.5784316903379448,35797595.50791983,0.0,Southeast,2018Q1,8073
35,SP,São Paulo,2018,2,95.01742333333334,0.1865503756043199,0.236050795751769,0.577398828643911,35881407.23033566,0.08898676,Southeast,2018Q2,8074
35,SP,São Paulo,2018,3,94.81572999999999,0.184209963350808,0.2406149906782432,0.5751750459709488,36098501.8653612,0.0,Southeast,2018Q3,8075
35,SP,São Paulo,2018,4,95.37337000000001,0.1818838136228906,0.2351781067058391,0.5829380796712702,36266781.69350942,0.0,Southeast,2018Q4,8076
35,SP,São Paulo,2019,1,96.25717333333334,0.1844363359683667,0.2340344010082551,0.581529263023378,36358258.51559813,0.0,Southeast,2019Q1,8077
35,SP,São Paulo,2019,2,95.66263666666667,0.1882595293302087,0.235368993259883,0.5763714774099082,36383146.41128076,0.0,Southeast,2019Q2,8078
35,SP,São Paulo,2019,3,96.93346333333334,0.1892847503414112,0.2342139258518532,0.5765013238067355,36377577.04445998,-0.104547698,Southeast,2019Q3,8079
35,SP,São Paulo,2019,4,99.46040666666666,0.1908065158051751,0.2415227684844946,0.5676707157103302,36366515.34470186,0.0,Southeast,2019Q4,8080
35,SP,São Paulo,2020,1,99.33800333333333,0.1875191664926048,0.2349580590480567,0.5775227744593384,36427649.23661336,0.0,Southeast,2020Q1,8081
35,SP,São Paulo,2020,2,87.56940333333334,0.1837753828869061,0.2206696141278735,0.5955550029852203,36431365.36529788,-0.293676167,Southeast,2020Q2,8082
35,SP,São Paulo,2020,3,101.3239,0.1762845597540837,0.214526780088342,0.6091886601575742,36754133.33890625,-0.084446286,Southeast,2020Q3,8083
35,SP,São Paulo,2020,4,103.10162333333334,0.1803610650438507,0.221263764032126,0.5983751709240234,36986104.67732952,0.0,Southeast,2020Q4,8084
41,PR,Paraná,2015,1,103.93542000000001,0.1924675048747117,0.2739121060302373,0.533620389095051,8660652.6931344,0.092851242,South,2015Q1,8061
41,PR,Paraná,2015,2,100.65263666666665,0.1941989672689484,0.2767747168195012,0.5290263159115504,8676136.00391369,0.0,South,2015Q2,8062
41,PR,Paraná,2015,3,97.62090666666667,0.1929978538968718,0.2783255314534852,0.528676614649643,8716856.77437721,0.077390703,South,2015Q3,8063
41,PR,Paraná,2015,4,96.30898666666667,0.1902340465774162,0.2827531662021268,0.5270127872204571,8725702.53475836,0.0,South,2015Q4,8064
41,PR,Paraná,2016,1,93.98827333333334,0.1857234342184681,0.279122147663163,0.5351544181183688,8768986.53160024,-0.207600025,South,2016Q1,8065
41,PR,Paraná,2016,2,95.42351666666666,0.178921793589283,0.2819101879532789,0.539168018457438,8803873.77490911,0.0,South,2016Q2,8066
41,PR,Paraná,2016,3,93.07266333333332,0.1879419043269569,0.2712026320331938,0.5408554636398493,8847085.40750962,0.0,South,2016Q3,8067
41,PR,Paraná,2016,4,93.38416333333333,0.1828869954259378,0.2737464931278617,0.5433665114462005,8889951.58816013,0.0,South,2016Q4,8068
41,PR,Paraná,2017,1,96.99605333333334,0.1849883184508644,0.2629677966639853,0.5520438848851502,8918651.00093719,-0.224587529,South,2017Q1,8069
41,PR,Paraná,2017,2,98.25286999999999,0.1822488086073838,0.2647598339443412,0.5529913574482749,8900873.65460949,0.0,South,2017Q2,8070
41,PR,Paraná,2017,3,99.73005666666666,0.1808916589083773,0.272702425732724,0.5464059153588987,8956483.40548376,-0.328460526,South,2017Q3,8071
41,PR,Paraná,2017,4,97.73590999999999,0.1847900176841682,0.2684850765794391,0.5467249057363927,8982126.47972409,-0.195035395,South,2017Q4,8072
41,PR,Paraná,2018,1,100.41232333333335,0.1828298162500537,0.2661745341659035,0.5509956495840427,8985340.26500706,0.0,South,2018Q1,8073
41,PR,Paraná,2018,2,99.84544333333334,0.1872378448704627,0.2644213389322036,0.5483408161973337,8974959.51081119,0.08898676,South,2018Q2,8074
41,PR,Paraná,2018,3,100.15948666666668,0.1859219981564109,0.2730207243799543,0.5410572774636349,9003610.52919858,0.0,South,2018Q3,8075
41,PR,Paraná,2018,4,100.69443,0.1894554603216802,0.2698232977012108,0.5407212419771089,9018322.80103695,0.0,South,2018Q4,8076
41,PR,Paraná,2019,1,99.00012,0.1812633021513413,0.2666104524740614,0.5521262453745972,9000079.22864798,0.0,South,2019Q1,8077
41,PR,Paraná,2019,2,98.18155666666667,0.1820972543671936,0.2654286871361864,0.5524740584966199,9030938.4002439,0.0,South,2019Q2,8078
41,PR,Paraná,2019,3,99.76115,0.1820655514116541,0.2680017110540592,0.5499327375342866,9067163.86239182,-0.104547698,South,2019Q3,8079
41,PR,Paraná,2019,4,101.74186666666667,0.1875960515253147,0.2745742918783669,0.5378296565963184,9057966.29275926,0.0,South,2019Q4,8080
41,PR,Paraná,2020,1,100.31385,0.1830332205410991,0.2678634161730578,0.5491033632858432,9054805.62153107,0.0,South,2020Q1,8081
41,PR,Paraná,2020,2,95.26726666666667,0.1916043754053065,0.2477635112501335,0.56063211334456,9167969.83560914,-0.293676167,South,2020Q2,8082
41,PR,Paraná,2020,3,100.86728000000001,0.1781231003079682,0.2632569097439375,0.5586199899480941,9181021.40039965,-0.084446286,South,2020Q3,8083
41,PR,Paraná,2020,4,103.48796333333333,0.1847706350480775,0.2423881231479562,0.5728412418039662,9266860.62264565,0.0,South,2020Q4,8084
42,SC,Santa Catarina,2015,1,76.20884666666666,0.1939682140608153,0.2741869894808418,0.5318447964583429,5437263.38217787,0.092851242,South,2015Q1,8061
42,SC,Santa Catarina,2015,2,74.594,0.1962556663681216,0.2770284376179313,0.526715896013947,5485833.94623463,0.0,South,2015Q2,8062
42,SC,Santa Catarina,2015,3,71.01208333333334,0.1913859481312831,0.2768603312095148,0.5317537206592021,5516983.79195328,0.077390703,South,2015Q3,8063
42,SC,Santa Catarina,2015,4,70.55201333333333,0.1936832713717026,0.2777569880179666,0.5285597406103307,5552341.60984048,0.0,South,2015Q4,8064
42,SC,Santa Catarina,2016,1,67.24152,0.1865245701089653,0.2770903475296197,0.5363850823614149,5584670.50996276,-0.207600025,South,2016Q1,8065
42,SC,Santa Catarina,2016,2,69.19813,0.1878431566665458,0.2778733252747646,0.5342835180586896,5608737.03526723,0.0,South,2016Q2,8066
42,SC,Santa Catarina,2016,3,69.18867999999999,0.1880351690061295,0.2698912511345791,0.5420735798592915,5638367.73356015,0.0,South,2016Q3,8067
42,SC,Santa Catarina,2016,4,69.98479999999999,0.1907761469454619,0.267414169405011,0.541809683649527,5640947.73418092,0.0,South,2016Q4,8068
42,SC,Santa Catarina,2017,1,76.68587666666667,0.189051822378252,0.2648409288729854,0.5461072487487626,5693281.03751354,-0.224587529,South,2017Q1,8069
42,SC,Santa Catarina,2017,2,78.49576,0.1852249023157889,0.2661945603936467,0.5485805372905643,5698223.11730425,0.0,South,2017Q2,8070
42,SC,Santa Catarina,2017,3,79.44231666666667,0.1845088917467355,0.2652821443862775,0.5502089638669869,5732291.54227031,-0.328460526,South,2017Q3,8071
42,SC,Santa Catarina,2017,4,79.8262,0.1877893155993954,0.2738988946314042,0.5383117897692005,5764381.73375251,-0.195035395,South,2017Q4,8072
42,SC,Santa Catarina,2018,1,85.16073999999999,0.1903052230578911,0.2688212146125218,0.5408735623295872,5811954.13389295,0.0,South,2018Q1,8073
42,SC,Santa Catarina,2018,2,84.31929000000001,0.1881699722264802,0.2649027366884456,0.5469272910850742,5816857.44265061,0.08898676,South,2018Q2,8074
42,SC,Santa Catarina,2018,3,83.70546,0.1888791412488762,0.2718233698275777,0.539297488923546,5856519.40041739,0.0,South,2018Q3,8075
42,SC,Santa Catarina,2018,4,86.07432333333333,0.1898273510306383,0.2692728277365475,0.5408998212328141,5893234.37824769,0.0,South,2018Q4,8076
42,SC,Santa Catarina,2019,1,91.34237,0.1877393951067134,0.2656973898074262,0.5465632150858603,5878708.03335492,0.0,South,2019Q1,8077
42,SC,Santa Catarina,2019,2,90.47328333333333,0.1902112307032596,0.274783738541021,0.5350050307557194,5915467.04145439,0.0,South,2019Q2,8078
42,SC,Santa Catarina,2019,3,91.87163333333335,0.1829120920218871,0.274873416809518,0.5422144911685949,5961209.8089739,-0.104547698,South,2019Q3,8079
42,SC,Santa Catarina,2019,4,94.77134000000001,0.1861904237747157,0.2691672104790286,0.5446423657462557,6003942.84702152,0.0,South,2019Q4,8080
42,SC,Santa Catarina,2020,1,91.46129666666667,0.1866949445179851,0.266824613320251,0.5464804421617638,6017287.91280922,0.0,South,2020Q1,8081
42,SC,Santa Catarina,2020,2,94.09456,0.1902239654210419,0.2609555636931112,0.5488204708858468,6120938.80728597,-0.293676167,South,2020Q2,8082
42,SC,Santa Catarina,2020,3,100.63839,0.1831069453369318,0.2508641546603589,0.5660289000027092,6151569.6430971,-0.084446286,South,2020Q3,8083
42,SC,Santa Catarina,2020,4,101.74443333333333,0.1828055472254512,0.2507821553676972,0.5664122974068515,6168424.00496677,0.0,South,2020Q4,8084
43,RS,Rio Grande do Sul,2015,1,87.94343666666667,0.1912629954393262,0.26493719450484,0.5437998100558338,8853873.64978422,0.092851242,South,2015Q1,8061
43,RS,Rio Grande do Sul,2015,2,87.36305333333333,0.1883394006032846,0.2656852204432194,0.5459753789534958,8860097.06586837,0.0,South,2015Q2,8062
43,RS,Rio Grande do Sul,2015,3,83.66716333333333,0.187581624214282,0.2688388368440347,0.5435795389416833,8884139.43998693,0.077390703,South,2015Q3,8063
43,RS,Rio Grande do Sul,2015,4,83.23712,0.1842329015324096,0.2719542093361995,0.5438128891313908,8903308.10902979,0.0,South,2015Q4,8064
43,RS,Rio Grande do Sul,2016,1,82.08391999999999,0.1929914468670505,0.2642573896988953,0.5427511634340543,8943350.13741839,-0.207600025,South,2016Q1,8065
43,RS,Rio Grande do Sul,2016,2,81.64662333333332,0.1825732279954569,0.2607955796169024,0.5566311923876406,8949159.47278873,0.0,South,2016Q2,8066
43,RS,Rio Grande do Sul,2016,3,80.35711333333334,0.1822137003464055,0.2615739877714277,0.5562123118821667,9003460.34828024,0.0,South,2016Q3,8067
43,RS,Rio Grande do Sul,2016,4,78.22251333333334,0.1845752993958492,0.2645112858852664,0.5509134147188843,8935476.02048012,0.0,South,2016Q4,8068
43,RS,Rio Grande do Sul,2017,1,84.42885,0.1836692375295489,0.2535055435682998,0.5628252189021513,8969511.85637443,-0.224587529,South,2017Q1,8069
43,RS,Rio Grande do Sul,2017,2,85.99983666666667,0.1866339311997409,0.2587649221168278,0.5546011466834314,8956916.16422497,0.0,South,2017Q2,8070
43,RS,Rio Grande do Sul,2017,3,86.97337333333333,0.1849815523794281,0.2582254957562097,0.5567929518643621,8947272.96711816,-0.328460526,South,2017Q3,8071
43,RS,Rio Grande do Sul,2017,4,88.92486666666667,0.1855425390141769,0.2583903350839475,0.5560671259018757,8982627.7040447,-0.195035395,South,2017Q4,8072
43,RS,Rio Grande do Sul,2018,1,91.10626666666667,0.1838978010328063,0.2578778524676656,0.5582243464995281,8986035.60124295,0.0,South,2018Q1,8073
43,RS,Rio Grande do Sul,2018,2,91.21116333333333,0.1813565018452588,0.2528591967784311,0.5657843013763101,8988926.22444216,0.08898676,South,2018Q2,8074
43,RS,Rio Grande do Sul,2018,3,91.29761,0.1826863883590646,0.2575590809904177,0.5597545306505175,8984351.4544685,0.0,South,2018Q3,8075
43,RS,Rio Grande do Sul,2018,4,91.91032,0.1841380522034923,0.2603177655767663,0.5555441822197414,9038536.59846579,0.0,South,2018Q4,8076
43,RS,Rio Grande do Sul,2019,1,94.32377666666666,0.1819524215521,0.2586373434956572,0.5594102349522426,9071311.72674206,0.0,South,2019Q1,8077
43,RS,Rio Grande do Sul,2019,2,93.23802666666666,0.1815362531116544,0.2597827104995298,0.5586810363888158,9102227.81396786,0.0,South,2019Q2,8078
43,RS,Rio Grande do Sul,2019,3,91.14948333333332,0.182947656643012,0.2547050314380344,0.5623473119189536,9069129.26387076,-0.104547698,South,2019Q3,8079
43,RS,Rio Grande do Sul,2019,4,92.35352333333333,0.1828441411997008,0.2630047312391756,0.5541511275611234,9093486.19354619,0.0,South,2019Q4,8080
43,RS,Rio Grande do Sul,2020,1,92.60119666666667,0.1802247770330693,0.2581991469113588,0.5615760760555717,9096928.54128725,0.0,South,2020Q1,8081
43,RS,Rio Grande do Sul,2020,2,86.01661999999999,0.1735866691819827,0.246813217158131,0.5796001136598863,9125370.33161095,-0.293676167,South,2020Q2,8082
43,RS,Rio Grande do Sul,2020,3,91.88772,0.1716469596660271,0.2353447777713788,0.593008262562594,9043921.01025089,-0.084446286,South,2020Q3,8083
43,RS,Rio Grande do Sul,2020,4,91.65545000000002,0.1847295963101919,0.2414464371665055,0.5738239665233026,9086849.87161728,0.0,South,2020Q4,8084
50,MS,Mato Grosso do Sul,2015,1,91.05368666666668,0.2125175087148345,0.2354737987997403,0.5520086924854251,1939589.21203459,0.092851242,Center-West,2015Q1,8061
50,MS,Mato Grosso do Sul,2015,2,90.61333666666667,0.2095374277097325,0.234185777343912,0.5562767949463553,1940353.46337224,0.0,Center-West,2015Q2,8062
50,MS,Mato Grosso do Sul,2015,3,88.24102333333333,0.2210628252631941,0.2250609920791804,0.5538761826576254,1947513.57170151,0.077390703,Center-West,2015Q3,8063
50,MS,Mato Grosso do Sul,2015,4,87.83868,0.2078613771968067,0.2390108592773942,0.5531277635257991,1956246.1754,0.0,Center-West,2015Q4,8064
50,MS,Mato Grosso do Sul,2016,1,84.58301333333334,0.2047859892491745,0.2259085525479898,0.5693054582028356,1980653.06164174,-0.207600025,Center-West,2016Q1,8065
50,MS,Mato Grosso do Sul,2016,2,85.37701333333332,0.2082910025878002,0.2328430183260616,0.5588659790861383,1989340.30021189,0.0,Center-West,2016Q2,8066
50,MS,Mato Grosso do Sul,2016,3,80.62663333333334,0.213956057330595,0.2213944310296114,0.5646495116397934,2006309.11316586,0.0,Center-West,2016Q3,8067
50,MS,Mato Grosso do Sul,2016,4,81.46677666666666,0.2018750984812969,0.2233319473946179,0.5747929541240852,2023596.35883317,0.0,Center-West,2016Q4,8068
50,MS,Mato Grosso do Sul,2017,1,85.00404333333334,0.1989055898504674,0.2295630310839841,0.5715313790655485,2015675.08565787,-0.224587529,Center-West,2017Q1,8069
50,MS,Mato Grosso do Sul,2017,2,83.85978,0.200511108269554,0.2282635665856913,0.5712253251447547,2024274.95861236,0.0,Center-West,2017Q2,8070
50,MS,Mato Grosso do Sul,2017,3,84.60482666666667,0.2174869065814213,0.2184258486113986,0.56408724480718,2013607.73528865,-0.328460526,Center-West,2017Q3,8071
50,MS,Mato Grosso do Sul,2017,4,81.81420666666666,0.2074598494393937,0.2218806149348665,0.5706595356257397,2033161.32151061,-0.195035395,Center-West,2017Q4,8072
50,MS,Mato Grosso do Sul,2018,1,83.70460666666666,0.2091769650021312,0.2217296157217436,0.5690934192761251,2053081.93337715,0.0,Center-West,2018Q1,8073
50,MS,Mato Grosso do Sul,2018,2,84.07369333333334,0.2181962584680906,0.2200449936030112,0.561758747928898,2037563.37119212,0.08898676,Center-West,2018Q2,8074
50,MS,Mato Grosso do Sul,2018,3,84.18156,0.2128643344216033,0.2282961165269149,0.5588395490514817,2042883.12253768,0.0,Center-West,2018Q3,8075
50,MS,Mato Grosso do Sul,2018,4,86.35206666666666,0.2069164184753265,0.2253244539687291,0.5677591275559444,2073311.4075393,0.0,Center-West,2018Q4,8076
50,MS,Mato Grosso do Sul,2019,1,86.31295666666666,0.2052344456874583,0.2268695369495034,0.5678960173630382,2066896.98003673,0.0,Center-West,2019Q1,8077
50,MS,Mato Grosso do Sul,2019,2,83.84753666666667,0.2090040866453033,0.2298783924729774,0.5611175208817192,2060144.43966838,0.0,Center-West,2019Q2,8078
50,MS,Mato Grosso do Sul,2019,3,84.29680333333333,0.2143661028211188,0.2273784497417654,0.5582554474371157,2072222.11422872,-0.104547698,Center-West,2019Q3,8079
50,MS,Mato Grosso do Sul,2019,4,85.91626666666667,0.2094272234954207,0.2220337457884262,0.568539030716153,2088134.19659246,0.0,Center-West,2019Q4,8080
50,MS,Mato Grosso do Sul,2020,1,86.65627,0.2151635252419299,0.2270996695060884,0.5577368052519817,2088090.96409551,0.0,Center-West,2020Q1,8081
50,MS,Mato Grosso do Sul,2020,2,83.52533666666666,0.1949378096083937,0.218683890382159,0.5863783000094472,2082103.9184375,-0.293676167,Center-West,2020Q2,8082
50,MS,Mato Grosso do Sul,2020,3,89.69626999999998,0.1915759552732812,0.2121379455081551,0.5962860992185636,2089994.8090907,-0.084446286,Center-West,2020Q3,8083
50,MS,Mato Grosso do Sul,2020,4,94.08651666666667,0.2032152103898734,0.2187279181081751,0.5780568715019513,2066727.22315366,0.0,Center-West,2020Q4,8084
51,MT,Mato Grosso,2015,1,90.73254333333334,0.2141501143056201,0.2347730710717175,0.5510768146226623,2455876.2974556,0.092851242,Center-West,2015Q1,8061
51,MT,Mato Grosso,2015,2,88.02503333333334,0.2063551770048012,0.2320099782067764,0.5616348447884224,2445342.53800727,0.0,Center-West,2015Q2,8062
51,MT,Mato Grosso,2015,3,86.90644333333334,0.1991568838104157,0.2342741584469495,0.5665689577426346,2457617.59334006,0.077390703,Center-West,2015Q3,8063
51,MT,Mato Grosso,2015,4,86.31401333333334,0.205018217346851,0.2278648735537093,0.5671169090994397,2487334.86836209,0.0,Center-West,2015Q4,8064
51,MT,Mato Grosso,2016,1,82.69679666666666,0.2014651639584944,0.2189466292998359,0.5795882067416697,2506171.18338707,-0.207600025,Center-West,2016Q1,8065
51,MT,Mato Grosso,2016,2,80.79249,0.202388851792645,0.2251453098686203,0.5724658383387347,2525041.95231346,0.0,Center-West,2016Q2,8066
51,MT,Mato Grosso,2016,3,78.57857666666666,0.1992819360847874,0.2254702968483048,0.5752477670669076,2539455.98773085,0.0,Center-West,2016Q3,8067
51,MT,Mato Grosso,2016,4,75.12295666666667,0.2065046783086829,0.2192083350204573,0.5742869866708596,2548932.07193625,0.0,Center-West,2016Q4,8068
51,MT,Mato Grosso,2017,1,82.04182333333334,0.2006828442025403,0.2180933420887261,0.5812238137087337,2562475.42416628,-0.224587529,Center-West,2017Q1,8069
51,MT,Mato Grosso,2017,2,85.40782,0.2099745928780041,0.2193908864069562,0.5706345207150395,2546481.99202415,0.0,Center-West,2017Q2,8070
51,MT,Mato Grosso,2017,3,85.47556666666667,0.2004379521383895,0.2325794298955473,0.5669826179660631,2580179.69098921,-0.328460526,Center-West,2017Q3,8071
51,MT,Mato Grosso,2017,4,85.35285333333333,0.2102915285373393,0.2245335900139713,0.5651748814486894,2596385.68213894,-0.195035395,Center-West,2017Q4,8072
51,MT,Mato Grosso,2018,1,85.47214000000001,0.2016938961035255,0.2245127575080779,0.5737933463883966,2619598.51287604,0.0,Center-West,2018Q1,8073
51,MT,Mato Grosso,2018,2,85.83535,0.2080038366926696,0.2189122848106702,0.5730838784966601,2639035.72191409,0.08898676,Center-West,2018Q2,8074
51,MT,Mato Grosso,2018,3,85.34348,0.2061815909467798,0.2337686018239574,0.5600498072292627,2659656.42006976,0.0,Center-West,2018Q3,8075
51,MT,Mato Grosso,2018,4,87.70002333333333,0.2083603003617876,0.225625080805691,0.5660146188325211,2649275.8486866,0.0,Center-West,2018Q4,8076
51,MT,Mato Grosso,2019,1,89.39212333333334,0.1980815763843386,0.219777258280327,0.5821411653353343,2671388.2406119,0.0,Center-West,2019Q1,8077
51,MT,Mato Grosso,2019,2,86.76583999999998,0.2121866600878848,0.2253845613088168,0.5624287786032982,2663092.66738684,0.0,Center-West,2019Q2,8078
51,MT,Mato Grosso,2019,3,89.93115666666667,0.2114789303998613,0.2323505646260294,0.5561705049741091,2668379.17187929,-0.104547698,Center-West,2019Q3,8079
51,MT,Mato Grosso,2019,4,90.60534333333334,0.2173378309423053,0.2329067493217591,0.5497554197359357,2668407.16753745,0.0,Center-West,2019Q4,8080
51,MT,Mato Grosso,2020,1,92.53391666666668,0.2204840328355265,0.2183435762486184,0.561172390915855,2691391.6326337,0.0,Center-West,2020Q1,8081
51,MT,Mato Grosso,2020,2,88.06711333333334,0.2129510839398411,0.2151329966920175,0.5719159193681413,2716560.83726437,-0.293676167,Center-West,2020Q2,8082
51,MT,Mato Grosso,2020,3,93.3892,0.2095206430756009,0.2162220648976839,0.5742572920267153,2720895.49246767,-0.084446286,Center-West,2020Q3,8083
51,MT,Mato Grosso,2020,4,95.69267,0.2001966525698265,0.2091817920421702,0.5906215553880032,2747545.9622855,0.0,Center-West,2020Q4,8084
52,GO,Goiás,2015,1,129.93806666666669,0.2169194772230825,0.232350644862535,0.5507298779143824,5048050.93536164,0.092851242,Center-West,2015Q1,8061
52,GO,Goiás,2015,2,124.70273000000002,0.2179075804847316,0.2358705001405348,0.5462219193747335,5065356.76402166,0.0,Center-West,2015Q2,8062
52,GO,Goiás,2015,3,121.51966,0.2146519705730143,0.2360472636638449,0.5493007657631407,5108011.22607091,0.077390703,Center-West,2015Q3,8063
52,GO,Goiás,2015,4,119.55416333333334,0.210287350950227,0.231750917306609,0.557961731743164,5128500.6773066,0.0,Center-West,2015Q4,8064
52,GO,Goiás,2016,1,115.65754666666668,0.2060506545607671,0.2318070634773819,0.5621422819618508,5156186.5190027,-0.207600025,Center-West,2016Q1,8065
52,GO,Goiás,2016,2,111.55743666666666,0.2063791287525923,0.2328241765330702,0.5607966947143375,5168787.42769395,0.0,Center-West,2016Q2,8066
52,GO,Goiás,2016,3,110.35012333333334,0.2090983907352641,0.2290308582484798,0.561870751016256,5188866.85344226,0.0,Center-West,2016Q3,8067
52,GO,Goiás,2016,4,109.85376000000001,0.1993075679992015,0.2248095369934206,0.5758828950073778,5210293.26522709,0.0,Center-West,2016Q4,8068
52,GO,Goiás,2017,1,105.95379000000001,0.2003917117264516,0.2195474489076872,0.5800608393658611,5241535.3180735,-0.224587529,Center-West,2017Q1,8069
52,GO,Goiás,2017,2,102.28089,0.2041589391842953,0.2312275051650979,0.5646135556506067,5266837.89359508,0.0,Center-West,2017Q2,8070
52,GO,Goiás,2017,3,101.08893333333333,0.2033085270099665,0.2264220334514364,0.570269439538597,5318091.50196178,-0.328460526,Center-West,2017Q3,8071
52,GO,Goiás,2017,4,101.22116666666666,0.2094992287552375,0.2243786675030624,0.5661221037417,5336970.95573569,-0.195035395,Center-West,2017Q4,8072
52,GO,Goiás,2018,1,99.03152333333333,0.204627505424474,0.2213127014120734,0.5740597931634526,5368781.39109819,0.0,Center-West,2018Q1,8073
52,GO,Goiás,2018,2,104.18342,0.1995917425325908,0.2289762288248128,0.5714320286425963,5339659.89460574,0.08898676,Center-West,2018Q2,8074
52,GO,Goiás,2018,3,103.24542000000001,0.213531291623428,0.2234059455871622,0.5630627627894097,5336864.28995542,0.0,Center-West,2018Q3,8075
52,GO,Goiás,2018,4,104.93589333333334,0.208808163906545,0.2249438856671711,0.5662479504262837,5349940.47308116,0.0,Center-West,2018Q4,8076
52,GO,Goiás,2019,1,103.94018666666666,0.2024582771245354,0.2199786191259608,0.5775631037495037,5407068.14079959,0.0,Center-West,2019Q1,8077
52,GO,Goiás,2019,2,101.77531333333333,0.2039314520295754,0.2255730506188697,0.5704954973515548,5424770.51408235,0.0,Center-West,2019Q2,8078
52,GO,Goiás,2019,3,101.35658666666666,0.2019769402052786,0.2403166897798931,0.5577063700148281,5477703.22779063,-0.104547698,Center-West,2019Q3,8079
52,GO,Goiás,2019,4,106.06844000000001,0.2001792396113604,0.2244142809338717,0.5754064794547677,5471697.98391081,0.0,Center-West,2019Q4,8080
52,GO,Goiás,2020,1,101.09262333333334,0.2023440658154282,0.2192202654377466,0.5784356687468254,5488600.9788449695,0.0,Center-West,2020Q1,8081
52,GO,Goiás,2020,2,90.93844666666666,0.192241507354563,0.2126486097364139,0.5951098829090229,5517021.68964415,-0.293676167,Center-West,2020Q2,8082
52,GO,Goiás,2020,3,105.05171666666666,0.1920055179896941,0.2201622781376391,0.5878322038726668,5534258.66739619,-0.084446286,Center-West,2020Q3,8083
52,GO,Goiás,2020,4,105.36824333333334,0.203095017007922,0.2199866579761103,0.5769183250159675,5518669.64890493,0.0,Center-West,2020Q4,8084
53,DF,Distrito Federal,2015,1,134.37202333333332,0.2119842516600311,0.1932566798259364,0.5947590685140324,2174723.59846423,0.092851242,Center-West,2015Q1,8061
53,DF,Distrito Federal,2015,2,132.65356999999997,0.2011790470973076,0.2043373836291386,0.5944835692735538,2182635.69323103,0.0,Center-West,2015Q2,8062
53,DF,Distrito Federal,2015,3,127.92284333333333,0.2096169990638867,0.1974881897136562,0.592894811222457,2192612.10897133,0.077390703,Center-West,2015Q3,8063
53,DF,Distrito Federal,2015,4,124.89759333333332,0.1938044771066102,0.2044892531103118,0.6017062697830781,2187331.36162643,0.0,Center-West,2015Q4,8064
53,DF,Distrito Federal,2016,1,120.61551666666666,0.206728864858175,0.1987140435582268,0.5945570915835983,2196628.00566794,-0.207600025,Center-West,2016Q1,8065
53,DF,Distrito Federal,2016,2,116.50936666666666,0.2055908157496691,0.1999507891597524,0.5944583950905785,2196538.68676406,0.0,Center-West,2016Q2,8066
53,DF,Distrito Federal,2016,3,114.68032333333333,0.1994830000006911,0.1998163815963396,0.6007006184029693,2204617.89016967,0.0,Center-West,2016Q3,8067
53,DF,Distrito Federal,2016,4,114.58241333333335,0.1945914365745258,0.2003567097531012,0.6050518536723729,2210854.70189632,0.0,Center-West,2016Q4,8068
53,DF,Distrito Federal,2017,1,110.10148666666667,0.1948301990077027,0.1923716695742658,0.6127981314180313,2231055.44332737,-0.224587529,Center-West,2017Q1,8069
53,DF,Distrito Federal,2017,2,110.42921999999999,0.1984300703147783,0.1937520505610398,0.6078178791241818,2244416.27149593,0.0,Center-West,2017Q2,8070
53,DF,Distrito Federal,2017,3,109.20641,0.1999471395225019,0.2006764800914422,0.5993763803860557,2261458.89163477,-0.328460526,Center-West,2017Q3,8071
53,DF,Distrito Federal,2017,4,108.28395666666665,0.192063456713884,0.1880178850196487,0.6199186582664673,2274367.63917476,-0.195035395,Center-West,2017Q4,8072
53,DF,Distrito Federal,2018,1,107.89567333333333,0.1957715157996242,0.1817244500470222,0.6225040341533535,2292725.42054303,0.0,Center-West,2018Q1,8073
53,DF,Distrito Federal,2018,2,109.33012000000001,0.1968896582045624,0.1913614862800629,0.6117488555153746,2289916.40742364,0.08898676,Center-West,2018Q2,8074
53,DF,Distrito Federal,2018,3,106.21148333333333,0.2001647975527503,0.181555120559008,0.6182800818882418,2309731.13538154,0.0,Center-West,2018Q3,8075
53,DF,Distrito Federal,2018,4,104.13452666666666,0.2063657647091528,0.1873369721034436,0.6062972631874036,2310223.94780269,0.0,Center-West,2018Q4,8076
53,DF,Distrito Federal,2019,1,107.55104999999999,0.190221174829709,0.1885349959661677,0.6212438292041232,2313180.77025249,0.0,Center-West,2019Q1,8077
53,DF,Distrito Federal,2019,2,108.33181333333334,0.1936145912270201,0.2048697502178599,0.6015156585551199,2306231.239465,0.0,Center-West,2019Q2,8078
53,DF,Distrito Federal,2019,3,106.97910666666667,0.1997903712545753,0.201752409369708,0.5984572193757166,2306723.94579559,-0.104547698,Center-West,2019Q3,8079
53,DF,Distrito Federal,2019,4,108.09061333333334,0.2006656542092209,0.1966492101185242,0.6026851356722549,2309192.62637147,0.0,Center-West,2019Q4,8080
53,DF,Distrito Federal,2020,1,107.47166333333332,0.2028048939656227,0.1938429749215764,0.6033521311128008,2325188.63563531,0.0,Center-West,2020Q1,8081
53,DF,Distrito Federal,2020,2,89.13915666666666,0.1865429635869022,0.1932801074866243,0.6201769289264735,2324683.59996677,-0.293676167,Center-West,2020Q2,8082
53,DF,Distrito Federal,2020,3,106.33543000000002,0.1873991424959698,0.1843498167363139,0.6282510407677161,2317446.07054293,-0.084446286,Center-West,2020Q3,8083
53,DF,Distrito Federal,2020,4,105.72404999999999,0.1840457624294118,0.1922263582067127,0.6237278793638753,2341331.22446609,0.0,Center-West,2020Q4,8084
