level,frequency,group,outcome,horizon,n_obs,estimate,std_error,ci_low,ci_high,p_value,shock_sd,irf_pos_1sd,irf_neg_1sd,inference,model_id
state,quarterly,11,consumption_index,0,23,0.32627741776504104,0.25819287366900723,-0.1797806146262131,0.8323354501562952,0.20633899995462923,0.1134395615862862,0.037012767226771805,-0.037012767226771805,newey-west,state_11_consumption_index
state,quarterly,12,consumption_index,0,23,0.15172894389616942,0.16840844497656804,-0.17835160825790392,0.48180949605024276,0.36761062549353674,0.1134395615862862,0.017212064875531674,-0.017212064875531674,newey-west,state_12_consumption_index
state,quarterly,13,consumption_index,0,23,0.25413666050540923,0.20781382417557698,-0.15317843487872163,0.6614517558895401,0.22136540562086005,0.1134395615862862,0.028829151350736475,-0.028829151350736475,newey-west,state_13_consumption_index
state,quarterly,14,consumption_index,0,23,0.15468294821084522,0.12041360072773069,-0.08132770921550694,0.39069360563719735,0.1989331535028267,0.1134395615862862,0.017547165829912493,-0.017547165829912493,newey-west,state_14_consumption_index
state,quarterly,15,consumption_index,0,23,0.06948920135531764,0.08220807660031848,-0.09163862878130657,0.23061703149194185,0.39795209161423983,0.1134395615862862,0.007882824536728398,-0.007882824536728398,newey-west,state_15_consumption_index
state,quarterly,16,consumption_index,0,23,0.23111587069586154,0.26002231114477936,-0.27852785914790595,0.7407596005396291,0.37409395437836146,0.1134395615862862,0.02621768304737134,-0.02621768304737134,newey-west,state_16_consumption_index
state,quarterly,17,consumption_index,0,23,-0.030134425569583734,0.060565336645837776,-0.14884248539542577,0.0885736342562583,0.6187995962465709,0.1134395615862862,-0.0034184360252681512,0.0034184360252681512,newey-west,state_17_consumption_index
state,quarterly,21,consumption_index,0,23,0.05766903501606862,0.06568985001627446,-0.07108307101582931,0.18642114104796656,0.3799986858096185,0.1134395615862862,0.006541950049327012,-0.006541950049327012,newey-west,state_21_consumption_index
state,quarterly,22,consumption_index,0,23,0.09519382981513419,0.10668586417994308,-0.11391046397755425,0.3042981236078226,0.3722420330390588,0.1134395615862862,0.010798746319948363,-0.010798746319948363,newey-west,state_22_consumption_index
state,quarterly,23,consumption_index,0,23,0.26717240296617867,0.21491963506464565,-0.15407008176052678,0.6884148876928842,0.2138210346565883,0.1134395615862862,0.0303079202604379,-0.0303079202604379,newey-west,state_23_consumption_index
state,quarterly,24,consumption_index,0,23,0.087890095640389,0.09228718571941216,-0.09299278836965885,0.26877297965043684,0.3409173418343381,0.1134395615862862,0.009970213917222491,-0.009970213917222491,newey-west,state_24_consumption_index
state,quarterly,25,consumption_index,0,23,0.226031345327023,0.11777166294689129,-0.00480111404888392,0.45686380470292987,0.05495476342472583,0.1134395615862862,0.025640896718655947,-0.025640896718655947,newey-west,state_25_consumption_index
state,quarterly,26,consumption_index,0,23,0.11027225978568711,0.10863470958161223,-0.10265177099427286,0.3231962905656471,0.31007059557663696,0.1134395615862862,0.012509236805217403,-0.012509236805217403,newey-west,state_26_consumption_index
state,quarterly,27,consumption_index,0,23,0.15117543785995635,0.1927490095003389,-0.22661262076070793,0.5289634964806207,0.43285682641007805,0.1134395615862862,0.0171492753934483,-0.0171492753934483,newey-west,state_27_consumption_index
state,quarterly,28,consumption_index,0,23,0.11907867772245936,0.12032302858684722,-0.11675445830776118,0.3549118137526799,0.32234118882978025,0.1134395615862862,0.013508232995110454,-0.013508232995110454,newey-west,state_28_consumption_index
state,quarterly,29,consumption_index,0,23,0.16963335812607433,0.13050904520372997,-0.08616437047323638,0.42543108672538504,0.19367556424514243,0.1134395615862862,0.01924313377623135,-0.01924313377623135,newey-west,state_29_consumption_index
state,quarterly,31,consumption_index,0,23,0.07411750337051833,0.07897453068756406,-0.08067257677710722,0.2289075835181439,0.3479881262753095,0.1134395615862862,0.008407857088221688,-0.008407857088221688,newey-west,state_31_consumption_index
state,quarterly,32,consumption_index,0,23,0.15288039414942745,0.07742528722759293,0.001126831183345306,0.30463395711550956,0.048318807769405225,0.1134395615862862,0.017342684887449684,-0.017342684887449684,newey-west,state_32_consumption_index
state,quarterly,33,consumption_index,0,23,0.12286414111238247,0.07412089521679278,-0.022412813512531382,0.26814109573729633,0.09739456414093683,0.1134395615862862,0.01393765430246427,-0.01393765430246427,newey-west,state_33_consumption_index
state,quarterly,35,consumption_index,0,23,0.13236450241249367,0.0941264319063589,-0.05212330412396976,0.3168523089489571,0.15965240077337706,0.1134395615862862,0.015015371123260204,-0.015015371123260204,newey-west,state_35_consumption_index
state,quarterly,41,consumption_index,0,23,0.039409918417413474,0.043298216221628966,-0.045454585376979294,0.12427442221180623,0.36271848100363435,0.1134395615862862,0.00447064386742269,-0.00447064386742269,newey-west,state_41_consumption_index
state,quarterly,42,consumption_index,0,23,-0.045530603760732306,0.06166739214693266,-0.16639869236872032,0.07533748484725572,0.4603167174842162,0.1134395615862862,-0.0051649717293763865,0.0051649717293763865,newey-west,state_42_consumption_index
state,quarterly,43,consumption_index,0,23,0.032136097701185536,0.08379213237288226,-0.1320964817496637,0.19636867715203477,0.7013330134123024,0.1134395615862862,0.0036455048343165468,-0.0036455048343165468,newey-west,state_43_consumption_index
state,quarterly,50,consumption_index,0,23,0.07729283682744645,0.07251915473884363,-0.06484470646068705,0.21943038011557994,0.28650207961257257,0.1134395615862862,0.00876806552346588,-0.00876806552346588,newey-west,state_50_consumption_index
state,quarterly,51,consumption_index,0,23,0.006236314272272017,0.0760535143304211,-0.14282857381535335,0.15530120235989736,0.9346474861764051,0.1134395615862862,0.0007074447569608371,-0.0007074447569608371,newey-west,state_51_consumption_index
state,quarterly,52,consumption_index,0,23,0.12730851192331002,0.06321602249802924,0.0034051078271727236,0.2512119160194473,0.04402374766070505,0.1134395615862862,0.014441821778782778,-0.014441821778782778,newey-west,state_52_consumption_index
state,quarterly,53,consumption_index,0,23,0.2044691130031774,0.13038233731012694,-0.051080268124671396,0.46001849413102625,0.11682814513121875,0.1134395615862862,0.023194886537017255,-0.023194886537017255,newey-west,state_53_consumption_index
state,quarterly,11,consumption_index,1,22,0.02043785317806851,0.09994110024913798,-0.17544670331024192,0.21632240966637895,0.8379635880801892,0.1134395615862862,0.0023184611042849777,-0.0023184611042849777,newey-west,state_11_consumption_index
state,quarterly,12,consumption_index,1,22,-0.2158438299527728,0.12471830804757869,-0.46029171372602706,0.02860405382048145,0.08351407912493669,0.1134395615862862,-0.024485229440947453,0.024485229440947453,newey-west,state_12_consumption_index
state,quarterly,13,consumption_index,1,22,-0.0276594452218811,0.14647962290062905,-0.314759506107114,0.25944061566335186,0.850227673995358,0.1134395615862862,-0.0031376753396900907,0.0031376753396900907,newey-west,state_13_consumption_index
state,quarterly,14,consumption_index,1,22,-0.0019430052329563047,0.09989925404665394,-0.19774554316439802,0.19385953269848538,0.9844824052577055,0.1134395615862862,-0.00022041366178642308,0.00022041366178642308,newey-west,state_14_consumption_index
state,quarterly,15,consumption_index,1,22,-0.09313947987054462,0.09247427950596201,-0.27438906770223015,0.08811010796114092,0.31384186550510496,0.1134395615862862,-0.01056570176288931,0.01056570176288931,newey-west,state_15_consumption_index
state,quarterly,16,consumption_index,1,22,-0.16201997243119876,0.30176562636011234,-0.7534806000970189,0.42944065523462144,0.5913320952231791,0.1134395615862862,-0.018379474640817364,0.018379474640817364,newey-west,state_16_consumption_index
state,quarterly,17,consumption_index,1,22,0.02117527115155345,0.07299897299011095,-0.121902715909064,0.1642532582121709,0.7717578752984577,0.1134395615862862,0.002402113475902957,-0.002402113475902957,newey-west,state_17_consumption_index
state,quarterly,21,consumption_index,1,22,-0.1569576526759303,0.10086866610192212,-0.35466023823569764,0.04074493288383707,0.11969392899827769,0.1134395615862862,-0.017805207307170112,0.017805207307170112,newey-west,state_21_consumption_index
state,quarterly,22,consumption_index,1,22,-0.18806335891255205,0.11027910592334006,-0.40421040652229856,0.028083688697194464,0.08813105109657648,0.1134395615862862,-0.021333824985484293,0.021333824985484293,newey-west,state_22_consumption_index
state,quarterly,23,consumption_index,1,22,-0.0562606731083225,0.11596815541297575,-0.283558257717755,0.17103691150110997,0.6275777602117012,0.1134395615862862,-0.006382186091957466,0.006382186091957466,newey-west,state_23_consumption_index
state,quarterly,24,consumption_index,1,22,-0.0588404938979941,0.08328807800655243,-0.22208512679083686,0.10440413899484864,0.47989616075136965,0.1134395615862862,-0.006674839831308999,0.006674839831308999,newey-west,state_24_consumption_index
state,quarterly,25,consumption_index,1,22,-0.05541639852660823,0.12310583829959697,-0.2967038415938183,0.18587104454060183,0.6526004973806157,0.1134395615862862,-0.006286411953549354,0.006286411953549354,newey-west,state_25_consumption_index
state,quarterly,26,consumption_index,1,22,-0.06845406844887925,0.0785400750906316,-0.2223926156265172,0.0854844787287587,0.3834367823867697,0.1134395615862862,-0.007765399513638488,0.007765399513638488,newey-west,state_26_consumption_index
state,quarterly,27,consumption_index,1,22,-0.0860246273840785,0.10455168268823065,-0.29094592545301057,0.11889667068485356,0.4106244410978528,0.1134395615862862,-0.009758596016073495,0.009758596016073495,newey-west,state_27_consumption_index
state,quarterly,28,consumption_index,1,22,-0.04536676538651436,0.06801345573400215,-0.17867313862515857,0.08793960785212987,0.5047553187671721,0.1134395615862862,-0.005146385976034093,0.005146385976034093,newey-west,state_28_consumption_index
state,quarterly,29,consumption_index,1,22,-0.10891852424397436,0.13823416979903747,-0.3798574970500878,0.1620204485621391,0.43073902809994813,0.1134395615862862,-0.012355669638861736,0.012355669638861736,newey-west,state_29_consumption_index
state,quarterly,31,consumption_index,1,22,-0.1163347809975749,0.0529434752127546,-0.2201039924145739,-0.012565569580575878,0.027996219869450112,0.1134395615862862,-0.013196966553601515,0.013196966553601515,newey-west,state_31_consumption_index
state,quarterly,32,consumption_index,1,22,0.0625758847178847,0.11813285322108032,-0.16896450759543272,0.29411627703120213,0.5963145923300246,0.1134395615862862,0.007098580928270826,-0.007098580928270826,newey-west,state_32_consumption_index
state,quarterly,33,consumption_index,1,22,-0.028181944860289347,0.06251694866709531,-0.15071516424779616,0.09435127452721745,0.6521417212992826,0.1134395615862862,-0.003196947469600115,0.003196947469600115,newey-west,state_33_consumption_index
state,quarterly,35,consumption_index,1,22,-0.009549105502443608,0.03579837794933192,-0.07971392628313416,0.06061571527824695,0.7896640588992521,0.1134395615862862,-0.001083246341738396,0.001083246341738396,newey-west,state_35_consumption_index
state,quarterly,41,consumption_index,1,22,-0.0012343703702382934,0.021436492757066543,-0.04324989617408871,0.04078115543361213,0.954081058492394,0.1134395615862862,-0.00014002643363493378,0.00014002643363493378,newey-west,state_41_consumption_index
state,quarterly,42,consumption_index,1,22,-0.12443331557395386,0.0731068271773759,-0.26772269684161065,0.01885606569370292,0.0887412771382774,0.1134395615862862,-0.014115660765437323,0.014115660765437323,newey-west,state_42_consumption_index
state,quarterly,43,consumption_index,1,22,-0.042928668820323375,0.045594307960135486,-0.13229351242218892,0.04643617478154218,0.34643040155650784,0.1134395615862862,-0.004869809370460358,0.004869809370460358,newey-west,state_43_consumption_index
state,quarterly,50,consumption_index,1,22,0.08396550670337422,0.03946028811255584,0.006623342002764765,0.16130767140398367,0.033349663838475374,0.1134395615862862,0.009525010268801145,-0.009525010268801145,newey-west,state_50_consumption_index
state,quarterly,51,consumption_index,1,22,-0.08070895852127094,0.06766703309359738,-0.2133363433847218,0.05191842634217991,0.23297248006495375,0.1134395615862862,-0.009155588870738732,0.009155588870738732,newey-west,state_51_consumption_index
state,quarterly,52,consumption_index,1,22,-0.0009212090413119774,0.09162060862714777,-0.1804976019505216,0.17865518386789764,0.9919777209726395,0.1134395615862862,-0.00010450154977575373,0.00010450154977575373,newey-west,state_52_consumption_index
state,quarterly,53,consumption_index,1,22,0.03975497606943959,0.04225712786058484,-0.043068994537306685,0.12257894667618587,0.34681378740330526,0.1134395615862862,0.0045097870561905265,-0.0045097870561905265,newey-west,state_53_consumption_index
state,quarterly,11,consumption_index,2,21,-0.06806159415470969,0.20583711181602857,-0.47150233331412567,0.3353791450047063,0.740903173827056,0.1134395615862862,-0.0077208774017740065,0.0077208774017740065,newey-west,state_11_consumption_index
state,quarterly,12,consumption_index,2,21,-0.21044607354501121,0.05396942979506435,-0.31622615594333736,-0.1046659911466851,9.644848184953148e-05,0.1134395615862862,-0.023872910320501414,0.023872910320501414,newey-west,state_12_consumption_index
state,quarterly,13,consumption_index,2,21,0.043222881273675934,0.16000733041966392,-0.27039148634886534,0.35683724889621715,0.787059756953763,0.1134395615862862,0.004903184702181897,-0.004903184702181897,newey-west,state_13_consumption_index
state,quarterly,14,consumption_index,2,21,-0.14431629753876268,0.06309309179993022,-0.2679787574666259,-0.02065383761089945,0.022175111968332217,0.1134395615862862,-0.016371177522553272,0.016371177522553272,newey-west,state_14_consumption_index
state,quarterly,15,consumption_index,2,21,-0.0812780099570157,0.10381703920587391,-0.2847594068005286,0.12220338688649718,0.4336878176262515,0.1134395615862862,-0.009220141816129665,0.009220141816129665,newey-west,state_15_consumption_index
state,quarterly,16,consumption_index,2,21,-0.26372989572869143,0.25372651206304936,-0.7610338593722681,0.23357406791488527,0.29860672647664366,0.1134395615862862,-0.029917403748659727,0.029917403748659727,newey-west,state_16_consumption_index
state,quarterly,17,consumption_index,2,21,0.09236207199783297,0.1074159622597011,-0.11817321403118117,0.30289735802684714,0.38986938855908493,0.1134395615862862,0.010477512954635173,-0.010477512954635173,newey-west,state_17_consumption_index
state,quarterly,21,consumption_index,2,21,-0.1114867308407532,0.08182904896798746,-0.2718716668180086,0.048898205136502226,0.17306075806819443,0.1134395615862862,-0.012647005869263334,0.012647005869263334,newey-west,state_21_consumption_index
state,quarterly,22,consumption_index,2,21,-0.16801869916827789,0.12064419727359516,-0.4044813258245244,0.06844392748796863,0.16371673336049497,0.1134395615862862,-0.019059967571947552,0.019059967571947552,newey-west,state_22_consumption_index
state,quarterly,23,consumption_index,2,21,-0.16760615076554514,0.15742955665433297,-0.47616808180803777,0.1409557802769475,0.28703787189117946,0.1134395615862862,-0.019013168262008426,0.019013168262008426,newey-west,state_23_consumption_index
state,quarterly,24,consumption_index,2,21,-0.12572493534341153,0.10997906080266118,-0.34128389451662744,0.08983402382980438,0.2529673646556141,0.1134395615862862,-0.014262181545820781,0.014262181545820781,newey-west,state_24_consumption_index
state,quarterly,25,consumption_index,2,21,-0.11783529591070034,0.06837867187600372,-0.2518574927876676,0.016186900966266946,0.08483870038685426,0.1134395615862862,-0.01336718430750015,0.01336718430750015,newey-west,state_25_consumption_index
state,quarterly,26,consumption_index,2,21,0.03274364259488848,0.07385225079385584,-0.11200676896106895,0.17749405415084593,0.6575003822235581,0.1134395615862862,0.003714424460702196,-0.003714424460702196,newey-west,state_26_consumption_index
state,quarterly,27,consumption_index,2,21,-0.14171665119013815,0.10191617327045009,-0.3414723508002203,0.058039048419944034,0.16437051251718637,0.1134395615862862,-0.016076274780485917,0.016076274780485917,newey-west,state_27_consumption_index
state,quarterly,28,consumption_index,2,21,-0.07840331378074107,0.053197777573433344,-0.1826709578246704,0.02586433026318828,0.14053327545763494,0.1134395615862862,-0.008894037542199298,0.008894037542199298,newey-west,state_28_consumption_index
state,quarterly,29,consumption_index,2,21,-0.03511017385059479,0.09576445641666673,-0.22280850842726158,0.152588160726072,0.7138946286181302,0.1134395615862862,-0.003982882728829763,0.003982882728829763,newey-west,state_29_consumption_index
state,quarterly,31,consumption_index,2,21,-0.10409936745113721,0.06028359479035603,-0.22225521324023503,0.014056478337960615,0.08419865353880707,0.1134395615862862,-0.011808986605066716,0.011808986605066716,newey-west,state_31_consumption_index
state,quarterly,32,consumption_index,2,21,-0.006552314441560382,0.10378653086190157,-0.20997391493088743,0.19686928604776668,0.9496609080918637,0.1134395615862862,-0.0007432916776261014,0.0007432916776261014,newey-west,state_32_consumption_index
state,quarterly,33,consumption_index,2,21,-0.03452431877093459,0.04467794682848195,-0.12209309455475922,0.05304445701289004,0.4396778303670139,0.1134395615862862,-0.003916423585440011,0.003916423585440011,newey-west,state_33_consumption_index
state,quarterly,35,consumption_index,2,21,0.004439135622766131,0.0430389306395754,-0.07991716843080165,0.08879543967633391,0.9178500090109794,0.1134395615862862,0.0005035735988686554,-0.0005035735988686554,newey-west,state_35_consumption_index
state,quarterly,41,consumption_index,2,21,-0.009828703609741911,0.03910885191660436,-0.08648205336628645,0.06682464614680264,0.8015693436481053,0.1134395615862862,-0.001114963828450671,0.001114963828450671,newey-west,state_41_consumption_index
state,quarterly,42,consumption_index,2,21,-0.07084721834370397,0.07761977930812891,-0.22298198578763664,0.0812875491002287,0.36137563469962286,0.1134395615862862,-0.008036877388517672,0.008036877388517672,newey-west,state_42_consumption_index
state,quarterly,43,consumption_index,2,21,0.016247119249825637,0.08666720620509001,-0.1536206049121508,0.18611484341180207,0.8512955978304022,0.1134395615862862,0.0018430660847403313,-0.0018430660847403313,newey-west,state_43_consumption_index
state,quarterly,50,consumption_index,2,21,-0.003983059375841279,0.062436038835266876,-0.12635769549296436,0.11839157674128178,0.9491340681792977,0.1134395615862862,-0.00045183650936758143,0.00045183650936758143,newey-west,state_50_consumption_index
state,quarterly,51,consumption_index,2,21,-0.07371656138454487,0.054459360094927814,-0.18045690717060336,0.03302378440151364,0.1758618490683017,0.1134395615862862,-0.008362374405111324,0.008362374405111324,newey-west,state_51_consumption_index
state,quarterly,52,consumption_index,2,21,0.0003703961090119612,0.07932395633611622,-0.15510455830977582,0.15584535052779974,0.996274363048975,0.1134395615862862,4.2017572219583147e-05,-4.2017572219583147e-05,newey-west,state_52_consumption_index
state,quarterly,53,consumption_index,2,21,-0.024082078470056167,0.05139367706855426,-0.12481368552442251,0.07664952858431018,0.6393694686094558,0.1134395615862862,-0.0027318604237297132,0.0027318604237297132,newey-west,state_53_consumption_index
state,quarterly,11,consumption_index,3,20,0.1453683979335694,0.1940406826402625,-0.23495134004134507,0.5256881359084838,0.4537580414704623,0.1134395615862862,0.016490527330084905,-0.016490527330084905,newey-west,state_11_consumption_index
state,quarterly,12,consumption_index,3,20,0.03675292625617407,0.1784902766229727,-0.31308801592485247,0.38659386843720056,0.836861242860357,0.1134395615862862,0.004169235841513494,-0.004169235841513494,newey-west,state_12_consumption_index
state,quarterly,13,consumption_index,3,20,0.27669055505589124,0.2028102270052285,-0.12081748987435659,0.6741985999861391,0.17247849848954733,0.1134395615862862,0.03138765526060649,-0.03138765526060649,newey-west,state_13_consumption_index
state,quarterly,14,consumption_index,3,20,0.0007884906848039386,0.08579391215056822,-0.16736757713030978,0.16894455849991766,0.9926671290361504,0.1134395615862862,8.944603759902937e-05,-8.944603759902937e-05,newey-west,state_14_consumption_index
state,quarterly,15,consumption_index,3,20,-0.0008595216281127027,0.1500237322522934,-0.29490603684260774,0.29318699358638234,0.9954287546731897,0.1134395615862862,-9.750375666703592e-05,9.750375666703592e-05,newey-west,state_15_consumption_index
state,quarterly,16,consumption_index,3,20,0.2793480798952966,0.2520542603342266,-0.2146782703597876,0.7733744301503808,0.2677385391200846,0.1134395615862862,0.03168912371329329,-0.03168912371329329,newey-west,state_16_consumption_index
state,quarterly,17,consumption_index,3,20,-0.008620031725767113,0.08055641690390739,-0.16651060885742558,0.14927054540589135,0.9147841037799445,0.1134395615862862,-0.0009778526198308993,0.0009778526198308993,newey-west,state_17_consumption_index
state,quarterly,21,consumption_index,3,20,0.06422795410894942,0.07152626865313169,-0.07596353245118868,0.20441944066908752,0.36920519108081273,0.1134395615862862,0.007285990955703332,-0.007285990955703332,newey-west,state_21_consumption_index
state,quarterly,22,consumption_index,3,20,0.07216458980193038,0.1596256576564906,-0.24070169920479115,0.38503087880865194,0.6512067367742822,0.1134395615862862,0.008186319429185162,-0.008186319429185162,newey-west,state_22_consumption_index
state,quarterly,23,consumption_index,3,20,0.13331554822331124,0.1805120344255,-0.22048803925066876,0.48711913569729126,0.46018572902334376,0.1134395615862862,0.015123257343087821,-0.015123257343087821,newey-west,state_23_consumption_index
state,quarterly,24,consumption_index,3,20,-0.025703339705082793,0.1298503204635722,-0.28020996781368435,0.22880328840351874,0.8430873846565095,0.1134395615862862,-0.0029157755874479746,0.0029157755874479746,newey-west,state_24_consumption_index
state,quarterly,25,consumption_index,3,20,0.03581762452983921,0.12557211443957417,-0.21030371977172616,0.28193896883140457,0.7754637263884365,0.1134395615862862,0.0040631356237271704,-0.0040631356237271704,newey-west,state_25_consumption_index
state,quarterly,26,consumption_index,3,20,0.12073614945730296,0.10004527050266698,-0.07535258072792433,0.31682487964253025,0.2275033351228477,0.1134395615862862,0.013696255862052774,-0.013696255862052774,newey-west,state_26_consumption_index
state,quarterly,27,consumption_index,3,20,0.06316023125802998,0.12669410983672982,-0.18516022402196047,0.3114806865380204,0.6181137739299767,0.1134395615862862,0.007164868943599371,-0.007164868943599371,newey-west,state_27_consumption_index
state,quarterly,28,consumption_index,3,20,0.00475436266551911,0.07523348258835268,-0.14270326320765214,0.15221198853869033,0.9496114090005203,0.1134395615862862,0.0005393328163986949,-0.0005393328163986949,newey-west,state_28_consumption_index
state,quarterly,29,consumption_index,3,20,0.12547161337749832,0.09155090155258748,-0.05396815366557314,0.30491138042056976,0.17052711781093777,0.1134395615862862,0.014233444813067412,-0.014233444813067412,newey-west,state_29_consumption_index
state,quarterly,31,consumption_index,3,20,0.10042454898432861,0.07510174194391493,-0.04677486522574466,0.24762396319440189,0.18116388127631322,0.1134395615862862,0.01139211680928276,-0.01139211680928276,newey-west,state_31_consumption_index
state,quarterly,32,consumption_index,3,20,0.001341486822837648,0.13323071422479474,-0.25979071305776,0.2624736867034353,0.9919663153868201,0.1134395615862862,0.00015217767705648277,-0.00015217767705648277,newey-west,state_32_consumption_index
state,quarterly,33,consumption_index,3,20,0.06774365354020262,0.061563429746769996,-0.05292066876346657,0.1884079758438718,0.2711631456527397,0.1134395615862862,0.00768481035785385,-0.00768481035785385,newey-west,state_33_consumption_index
state,quarterly,35,consumption_index,3,20,0.05427175621459343,0.09396756123190611,-0.12990466379994253,0.2384481762291294,0.5635622860137848,0.1134395615862862,0.006156564231501282,-0.006156564231501282,newey-west,state_35_consumption_index
state,quarterly,41,consumption_index,3,20,0.05669564570675305,0.0463916612598584,-0.03423201036256941,0.14762330177607552,0.2216665816209591,0.1134395615862862,0.006431529192825475,-0.006431529192825475,newey-west,state_41_consumption_index
state,quarterly,42,consumption_index,3,20,0.15597869370940345,0.0825154415596847,-0.005751571747578538,0.3177089591663854,0.058718246437851285,0.1134395615862862,0.017694154631196345,-0.017694154631196345,newey-west,state_42_consumption_index
state,quarterly,43,consumption_index,3,20,-0.006804751565544387,0.058955273297341064,-0.12235708722833287,0.1087475840972441,0.908110426767545,0.1134395615862862,-0.0007719280342989499,0.0007719280342989499,newey-west,state_43_consumption_index
state,quarterly,50,consumption_index,3,20,0.12286146873605461,0.04155386696902773,0.04141588947676027,0.20430704799534893,0.0031097111746463124,0.1134395615862862,0.013937351149265243,-0.013937351149265243,newey-west,state_50_consumption_index
state,quarterly,51,consumption_index,3,20,0.07586815259063247,0.12975376630525642,-0.17844922936767016,0.33018553454893507,0.5587436209403915,0.1134395615862862,0.008606449968242811,-0.008606449968242811,newey-west,state_51_consumption_index
state,quarterly,52,consumption_index,3,20,0.036468662902677855,0.08027771181633266,-0.12087565225733415,0.19381297806268988,0.6496263770725834,0.1134395615862862,0.004136989131317835,-0.004136989131317835,newey-west,state_52_consumption_index
state,quarterly,53,consumption_index,3,20,0.032137216617413575,0.09037895879619787,-0.14500554262313425,0.20927997585796138,0.7221529155275928,0.1134395615862862,0.003645631763682907,-0.003645631763682907,newey-west,state_53_consumption_index
state,quarterly,11,consumption_index,4,19,-0.10426334236795853,0.08333609934887042,-0.26760209709174454,0.05907541235582747,0.21089121734128735,0.1134395615862862,-0.011827587847742075,0.011827587847742075,newey-west,state_11_consumption_index
state,quarterly,12,consumption_index,4,19,-0.17928423073801697,0.10974771982723364,-0.3943897615993949,0.03582130012336096,0.10234218698629349,0.1134395615862862,-0.02033792453425522,0.02033792453425522,newey-west,state_12_consumption_index
state,quarterly,13,consumption_index,4,19,-0.24085973255513443,0.14932921981630853,-0.5335450033950991,0.051825538284830275,0.10675658242310981,0.1134395615862862,-0.027323022464844596,0.027323022464844596,newey-west,state_13_consumption_index
state,quarterly,14,consumption_index,4,19,0.11790765752777786,0.10380569176707855,-0.08555149833569607,0.3213668133912518,0.25601949818002523,0.1134395615862862,0.013375392977617098,-0.013375392977617098,newey-west,state_14_consumption_index
state,quarterly,15,consumption_index,4,19,-0.22067377359042187,0.10906730710410721,-0.434445695514472,-0.00690185166637175,0.04304421922291124,0.1134395615862862,-0.025033136129688837,0.025033136129688837,newey-west,state_15_consumption_index
state,quarterly,16,consumption_index,4,19,-0.1403850905041531,0.25647187618273837,-0.6430699678223204,0.36229978681401415,0.5841243481761684,0.1134395615862862,-0.015925223120042235,0.015925223120042235,newey-west,state_16_consumption_index
state,quarterly,17,consumption_index,4,19,0.06364517062926926,0.08050193978185137,-0.09413863134315943,0.22142897260169797,0.4291750029424035,0.1134395615862862,0.0072198802532686835,-0.0072198802532686835,newey-west,state_17_consumption_index
state,quarterly,21,consumption_index,4,19,-0.15017830161565068,0.10131551646401717,-0.3487567138851243,0.048400110653822964,0.13826492068577245,0.1134395615862862,-0.01703616069505247,0.01703616069505247,newey-west,state_21_consumption_index
state,quarterly,22,consumption_index,4,19,-0.11623268952446009,0.07492644570164178,-0.263088523099678,0.030623144050757806,0.12083206290903936,0.1134395615862862,-0.013185385341649673,0.013185385341649673,newey-west,state_22_consumption_index
state,quarterly,23,consumption_index,4,19,-0.1327800276660599,0.12001290040664053,-0.36800531246307533,0.10244525713095554,0.26856151992313815,0.1134395615862862,-0.015062508125852787,0.015062508125852787,newey-west,state_23_consumption_index
state,quarterly,24,consumption_index,4,19,-0.12116587715350437,0.06208675820290332,-0.24285592323119487,0.0005241689241861358,0.050990766035457824,0.1134395615862862,-0.013745003983511346,0.013745003983511346,newey-west,state_24_consumption_index
state,quarterly,25,consumption_index,4,19,-0.02175084283180758,0.047782475572291094,-0.11540449495349811,0.07190280928988296,0.6489614469785989,0.1134395615862862,-0.0024674060749724676,0.0024674060749724676,newey-west,state_25_consumption_index
state,quarterly,26,consumption_index,4,19,-0.06498054042889018,0.05484659303672107,-0.17247986278086347,0.042518781923083115,0.23610881244036053,0.1134395615862862,-0.007371364017893247,0.007371364017893247,newey-west,state_26_consumption_index
state,quarterly,27,consumption_index,4,19,-0.1164995757155636,0.06837926875587269,-0.2505229424770741,0.017523791045946868,0.08843218541904152,0.1134395615862862,-0.01321566079416189,0.01321566079416189,newey-west,state_27_consumption_index
state,quarterly,28,consumption_index,4,19,-0.10434947466878045,0.05205858000667311,-0.20638429148185972,-0.0023146578557011604,0.04502053340276224,0.1134395615862862,-0.01183735865818573,0.01183735865818573,newey-west,state_28_consumption_index
state,quarterly,29,consumption_index,4,19,-0.04066710835734471,0.06662512664078533,-0.17125235657328397,0.08991813985859454,0.5416055056742348,0.1134395615862862,-0.004613258943039179,0.004613258943039179,newey-west,state_29_consumption_index
state,quarterly,31,consumption_index,4,19,-0.02020267043111456,0.08923248494567208,-0.19509834092463185,0.15469300006240272,0.8208865294219843,0.1134395615862862,-0.002291782076577863,0.002291782076577863,newey-west,state_31_consumption_index
state,quarterly,32,consumption_index,4,19,-0.09318226390948425,0.11341566446428411,-0.3154769662594811,0.1291124384405126,0.4113048202832006,0.1134395615862862,-0.010570555165509513,0.010570555165509513,newey-west,state_32_consumption_index
state,quarterly,33,consumption_index,4,19,0.0063630341542983,0.0591515168379637,-0.10957393884811055,0.12230000715670715,0.9143353807008316,0.1134395615862862,0.0007218198048221645,-0.0007218198048221645,newey-west,state_33_consumption_index
state,quarterly,35,consumption_index,4,19,-0.01908764636117552,0.04724215020258992,-0.11168226075825176,0.07350696803590072,0.6861844259551326,0.1134395615862862,-0.0021652942349258218,0.0021652942349258218,newey-west,state_35_consumption_index
state,quarterly,41,consumption_index,4,19,-0.055310994024015785,0.018804287894624554,-0.09216739829747991,-0.018454589750551656,0.0032672886247933075,0.1134395615862862,-0.006274454912986047,0.006274454912986047,newey-west,state_41_consumption_index
state,quarterly,42,consumption_index,4,19,0.028091625993009073,0.08117665458998476,-0.13101461700336103,0.18719786898937918,0.7293010220988461,0.1134395615862862,0.0031867017368928706,-0.0031867017368928706,newey-west,state_42_consumption_index
state,quarterly,43,consumption_index,4,19,-0.020867741688354896,0.036096856419343994,-0.09161758027026912,0.049882096893559325,0.5631938205299523,0.1134395615862862,-0.002367227468422847,0.002367227468422847,newey-west,state_43_consumption_index
state,quarterly,50,consumption_index,4,19,-0.009644715850094477,0.043473886105949947,-0.09485353261775638,0.07556410091756742,0.8244300420448569,0.1134395615862862,-0.001094092337659023,0.001094092337659023,newey-west,state_50_consumption_index
state,quarterly,51,consumption_index,4,19,-0.02892373249495577,0.07024280678040173,-0.16659963378454318,0.10875216879463162,0.6805095571817692,0.1134395615862862,-0.0032810955336668025,0.0032810955336668025,newey-west,state_51_consumption_index
state,quarterly,52,consumption_index,4,19,-0.02444952613712005,0.029609081412350427,-0.08248332570532688,0.03358427343108678,0.40894923463341226,0.1134395615862862,-0.002773543525987344,0.002773543525987344,newey-west,state_52_consumption_index
state,quarterly,53,consumption_index,4,19,0.010107175907180993,0.06301203806132287,-0.11339641869301183,0.1336107705073738,0.8725654270667718,0.1134395615862862,0.0011465536037860863,-0.0011465536037860863,newey-west,state_53_consumption_index
state,quarterly,11,consumption_index,5,18,-0.01394524858408927,0.1239024510082789,-0.25679405256031596,0.2289035553921374,0.9103871498864433,0.1134395615862862,-0.0015819428855908652,0.0015819428855908652,newey-west,state_11_consumption_index
state,quarterly,12,consumption_index,5,18,-0.3050364126378635,0.13780211371654244,-0.5751285555222867,-0.03494426975344034,0.026857479648867866,0.1134395615862862,-0.03460319691749273,0.03460319691749273,newey-west,state_12_consumption_index
state,quarterly,13,consumption_index,5,18,0.05099975877409568,0.1320812696913096,-0.2078795298208711,0.30987904736906247,0.6994047767104405,0.1134395615862862,0.005785390276339767,-0.005785390276339767,newey-west,state_13_consumption_index
state,quarterly,14,consumption_index,5,18,0.03302195123083924,0.07007482701993599,-0.1043247097282353,0.17036861218991375,0.6374704805360458,0.1134395615862862,0.0037459956703501268,-0.0037459956703501268,newey-west,state_14_consumption_index
state,quarterly,15,consumption_index,5,18,-0.23301254835823182,0.1278820646132268,-0.4836613950001563,0.017636298283692675,0.06844142897740602,0.1134395615862862,-0.02643284132986113,0.02643284132986113,newey-west,state_15_consumption_index
state,quarterly,16,consumption_index,5,18,0.01615903126338395,0.18112121280358665,-0.33883854583164585,0.3711566083584138,0.9289097183812187,0.1134395615862862,0.0018330734221773677,-0.0018330734221773677,newey-west,state_16_consumption_index
state,quarterly,17,consumption_index,5,18,0.1686755327416083,0.07585343206954019,0.020002805885309533,0.317348259597907,0.026168408154396694,0.1134395615862862,0.019134478484541306,-0.019134478484541306,newey-west,state_17_consumption_index
state,quarterly,21,consumption_index,5,18,-0.09970055793459416,0.08652739319237697,-0.269294248591653,0.06989313272246471,0.2492213519552755,0.1134395615862862,-0.011309987582008489,0.011309987582008489,newey-west,state_21_consumption_index
state,quarterly,22,consumption_index,5,18,-0.18536075040799602,0.05952373503236117,-0.3020272710714239,-0.06869422974456812,0.0018452914321851477,0.1134395615862862,-0.02102724226158809,0.02102724226158809,newey-west,state_22_consumption_index
state,quarterly,23,consumption_index,5,18,-0.10786090397043523,0.11301257485150247,-0.32936555067938006,0.11364374273850962,0.33987358353145947,0.1134395615862862,-0.012235693658706689,0.012235693658706689,newey-west,state_23_consumption_index
state,quarterly,24,consumption_index,5,18,-0.10789860063624951,0.0956272832420946,-0.29532807579075493,0.07953087451825591,0.25918292631201467,0.1134395615862862,-0.012239969951949925,0.012239969951949925,newey-west,state_24_consumption_index
state,quarterly,25,consumption_index,5,18,-0.10891096282799255,0.14372400203699492,-0.3906100068205026,0.1727880811645175,0.4485835781860332,0.1134395615862862,-0.012354811875147788,0.012354811875147788,newey-west,state_25_consumption_index
state,quarterly,26,consumption_index,5,18,-0.1046813657748901,0.09975297237850646,-0.30019719163676273,0.09083446008698257,0.2939913069280544,0.1134395615862862,-0.011875008239757196,0.011875008239757196,newey-west,state_26_consumption_index
state,quarterly,27,consumption_index,5,18,-0.14587012449381093,0.07041546422850933,-0.2838844343816892,-0.007855814605932626,0.03830614167307145,0.1134395615862862,-0.0165474429711149,0.0165474429711149,newey-west,state_27_consumption_index
state,quarterly,28,consumption_index,5,18,-0.11057585304776905,0.045585483496570676,-0.19992340070104758,-0.021228305394490526,0.015279683393047527,0.1134395615862862,-0.01254367629176853,0.01254367629176853,newey-west,state_28_consumption_index
state,quarterly,29,consumption_index,5,18,-0.10416735922885653,0.06430906087883934,-0.23021311855138163,0.021878400093668565,0.10527677527069113,0.1134395615862862,-0.011816699562522667,0.011816699562522667,newey-west,state_29_consumption_index
state,quarterly,31,consumption_index,5,18,-0.16368611303378477,0.07589386829616739,-0.3124380948942729,-0.0149341311732967,0.031023081572711053,0.1134395615862862,-0.01856848090031583,0.01856848090031583,newey-west,state_31_consumption_index
state,quarterly,32,consumption_index,5,18,-0.26675455223410627,0.12917916993293416,-0.5199457253026571,-0.013563379165555334,0.038923317946010894,0.1134395615862862,-0.030260519456583094,0.030260519456583094,newey-west,state_32_consumption_index
state,quarterly,33,consumption_index,5,18,-0.046284202974601396,0.027683105560260934,-0.10054308987271282,0.007974683923510036,0.09453820962338999,0.1134395615862862,-0.0052504596938094655,0.0052504596938094655,newey-west,state_33_consumption_index
state,quarterly,35,consumption_index,5,18,-0.06275999813183282,0.04321638094407167,-0.14746410478221328,0.02194410851854764,0.14643847905919727,0.1134395615862862,-0.007119466673231256,0.007119466673231256,newey-west,state_35_consumption_index
state,quarterly,41,consumption_index,5,18,-0.023123896689608375,0.0233465569386956,-0.06888314828945175,0.022635354910235002,0.32194795196466597,0.1134395615862862,-0.002623164702635749,0.002623164702635749,newey-west,state_41_consumption_index
state,quarterly,42,consumption_index,5,18,-0.02746954181507527,0.06292504039174243,-0.15080262098289043,0.09586353735273989,0.662442163640417,0.1134395615862862,-0.003116132780478295,0.003116132780478295,newey-west,state_42_consumption_index
state,quarterly,43,consumption_index,5,18,-0.13551453798692442,0.08615177245632874,-0.30437201200132874,0.0333429360274799,0.11572473152329477,0.1134395615862862,-0.015372709777804833,0.015372709777804833,newey-west,state_43_consumption_index
state,quarterly,50,consumption_index,5,18,-0.10417068925322141,0.046218454902553316,-0.1947588608622259,-0.013582517644216918,0.024203938608458486,0.1134395615862862,-0.011817077319026693,0.011817077319026693,newey-west,state_50_consumption_index
state,quarterly,51,consumption_index,5,18,-0.14758716730940075,0.06935177892756092,-0.28351665400742015,-0.011657680611381338,0.03332921576765413,0.1134395615862862,-0.01674222355534029,0.01674222355534029,newey-west,state_51_consumption_index
state,quarterly,52,consumption_index,5,18,-0.10330286556853704,0.04518355895363357,-0.19186264111765883,-0.014743090019415261,0.022237108871372202,0.1134395615862862,-0.011718631780701901,0.011718631780701901,newey-west,state_52_consumption_index
state,quarterly,53,consumption_index,5,18,-0.002424670433342019,0.03208987492406555,-0.0653208252845105,0.06047148441782646,0.9397701653413877,0.1134395615862862,-0.0002750535509495492,0.0002750535509495492,newey-west,state_53_consumption_index
state,quarterly,11,consumption_index,6,17,0.1262893496859514,0.19869648079365848,-0.2631557526696192,0.515734452041522,0.5250441698584962,0.1134395615862862,0.014326208461391517,-0.014326208461391517,newey-west,state_11_consumption_index
state,quarterly,12,consumption_index,6,17,-0.1687393682963658,0.09780270253071957,-0.36043266525657613,0.022953928663844575,0.08447274860246412,0.1134395615862862,-0.019141719961886617,0.019141719961886617,newey-west,state_12_consumption_index
state,quarterly,13,consumption_index,6,17,0.2533055346302301,0.2304311193263373,-0.198339459249391,0.7049505285098512,0.2716512257221,0.1134395615862862,0.028734868795833136,-0.028734868795833136,newey-west,state_13_consumption_index
state,quarterly,14,consumption_index,6,17,-0.06949837082976298,0.09526701445771125,-0.256221719166877,0.11722497750735106,0.465688911476809,0.1134395615862862,-0.007883864717889454,0.007883864717889454,newey-west,state_14_consumption_index
state,quarterly,15,consumption_index,6,17,-0.03291107665927598,0.08024717513144314,-0.19019553991690452,0.12437338659835256,0.681716960545842,0.1134395615862862,-0.0037334181075609233,0.0037334181075609233,newey-west,state_15_consumption_index
state,quarterly,16,consumption_index,6,17,0.2600012868698013,0.24551520484984035,-0.2212085146358858,0.7412110883754883,0.28959850919511876,0.1134395615862862,0.029494431994380486,-0.029494431994380486,newey-west,state_16_consumption_index
state,quarterly,17,consumption_index,6,17,0.09213290694620661,0.06691499991707166,-0.039020492891253825,0.22328630678366707,0.1685540566224475,0.1134395615862862,0.01045151657164778,-0.01045151657164778,newey-west,state_17_consumption_index
state,quarterly,21,consumption_index,6,17,0.0016847730571420833,0.043066656232638695,-0.08272587315882976,0.08609541927311393,0.9687946143019712,0.1134395615862862,0.00019111991697458503,-0.00019111991697458503,newey-west,state_21_consumption_index
state,quarterly,22,consumption_index,6,17,-0.061995841425262384,0.08848773861936719,-0.23543180911922207,0.11144012626869731,0.483543283523157,0.1134395615862862,-0.007032781071454685,0.007032781071454685,newey-west,state_22_consumption_index
state,quarterly,23,consumption_index,6,17,-0.16442019978998143,0.2032699101743425,-0.5628292237316928,0.23398882415172986,0.41858633941398615,0.1134395615862862,-0.01865175538010508,0.01865175538010508,newey-west,state_23_consumption_index
state,quarterly,24,consumption_index,6,17,-0.03133734652105411,0.061902048179536207,-0.15266536095294508,0.08999066791083685,0.6126875694289453,0.1134395615862862,-0.0035548948506259094,0.0035548948506259094,newey-west,state_24_consumption_index
state,quarterly,25,consumption_index,6,17,0.12474737470805843,0.05172212328570759,0.023372013068071545,0.2261227363480453,0.01587065549372957,0.1134395615862862,0.014151287495922314,-0.014151287495922314,newey-west,state_25_consumption_index
state,quarterly,26,consumption_index,6,17,0.06182869126989807,0.035191928849026055,-0.007147489274192995,0.13080487181398914,0.07893489695180023,0.1134395615862862,0.007013819631111078,-0.007013819631111078,newey-west,state_26_consumption_index
state,quarterly,27,consumption_index,6,17,-0.019156116245602185,0.03453989652997398,-0.08685431344435118,0.04854208095314682,0.5791625522123693,0.1134395615862862,-0.0021730614285970467,0.0021730614285970467,newey-west,state_27_consumption_index
state,quarterly,28,consumption_index,6,17,-0.0992469580683602,0.030736257064834235,-0.1594900219154353,-0.039003894221285106,0.00124229773926543,0.1134395615862862,-0.01125853141204731,0.01125853141204731,newey-west,state_28_consumption_index
state,quarterly,29,consumption_index,6,17,0.031447119240237756,0.037992848528461985,-0.043018863875547736,0.10591310235602325,0.40783388100530704,0.1134395615862862,0.0035673474197642366,-0.0035673474197642366,newey-west,state_29_consumption_index
state,quarterly,31,consumption_index,6,17,0.07597824783166326,0.08310503394083114,-0.08690761869236577,0.2388641143556923,0.36058884361702104,0.1134395615862862,0.008618939124118081,-0.008618939124118081,newey-west,state_31_consumption_index
state,quarterly,32,consumption_index,6,17,-0.11936097251252137,0.09949047652222194,-0.3143623064960763,0.07564036147103362,0.23024709536010257,0.1134395615862862,-0.013540256392333182,0.013540256392333182,newey-west,state_32_consumption_index
state,quarterly,33,consumption_index,6,17,0.004117781435523719,0.06949100257495369,-0.13208458361138553,0.14032014648243296,0.952747947525808,0.1134395615862862,0.0004671193207539589,-0.0004671193207539589,newey-west,state_33_consumption_index
state,quarterly,35,consumption_index,6,17,0.008971787107506693,0.04081994278502159,-0.07103530075113562,0.08897887496614901,0.826035244534894,0.1134395615862862,0.001017755596121054,-0.001017755596121054,newey-west,state_35_consumption_index
state,quarterly,41,consumption_index,6,17,0.04105294446694162,0.023680222815975593,-0.005360292252370544,0.08746618118625378,0.0829822560573783,0.1134395615862862,0.004657028022156011,-0.004657028022156011,newey-west,state_41_consumption_index
state,quarterly,42,consumption_index,6,17,0.052585897668461556,0.08564998620051545,-0.11528807528454871,0.22045987062147182,0.5392399688552438,0.1134395615862862,0.005965321177131588,-0.005965321177131588,newey-west,state_42_consumption_index
state,quarterly,43,consumption_index,6,17,-0.14277250399890634,0.05184827714210274,-0.2443951271974277,-0.04114988080038498,0.005893303536902428,0.1134395615862862,-0.016196050260212227,0.016196050260212227,newey-west,state_43_consumption_index
state,quarterly,50,consumption_index,6,17,0.029869895366503578,0.03748294830961306,-0.043596683320338024,0.10333647405334517,0.4255132349226809,0.1134395615862862,0.0033884278350044075,-0.0033884278350044075,newey-west,state_50_consumption_index
state,quarterly,51,consumption_index,6,17,-0.019589762262737842,0.055963619179738244,-0.1292784558550248,0.09009893132954912,0.7263052322049748,0.1134395615862862,-0.0022222540426645545,0.0022222540426645545,newey-west,state_51_consumption_index
state,quarterly,52,consumption_index,6,17,0.011564924257946071,0.05290999496599238,-0.09213866587539898,0.11526851439129113,0.8269793310889304,0.1134395615862862,0.0013119199376000086,-0.0013119199376000086,newey-west,state_52_consumption_index
state,quarterly,53,consumption_index,6,17,-0.025115250875548237,0.031061803769044872,-0.08599638626287619,0.035765884511779714,0.41876978456632163,0.1134395615862862,-0.0028490630484517823,0.0028490630484517823,newey-west,state_53_consumption_index
state,quarterly,11,consumption_index,7,16,-0.1590623391407714,0.2801754919006152,-0.7082063032659771,0.3900816249844343,0.570222421056138,0.1134395615862862,-0.018043962017018276,0.018043962017018276,newey-west,state_11_consumption_index
state,quarterly,12,consumption_index,7,16,-0.18147462571845782,0.05524789045876583,-0.28976049101763884,-0.0731887604192768,0.001020786840894683,0.1134395615862862,-0.020586401980537232,0.020586401980537232,newey-west,state_12_consumption_index
state,quarterly,13,consumption_index,7,16,-0.3702186870576229,0.12916344603089194,-0.6233790412781711,-0.11705833283707467,0.0041532585836914215,0.1134395615862862,-0.04199744555086723,0.04199744555086723,newey-west,state_13_consumption_index
state,quarterly,14,consumption_index,7,16,-0.0944673949535196,0.04135674592494682,-0.17552661696641536,-0.013408172940623839,0.022359330857822712,0.1134395615862862,-0.01071633986772581,0.01071633986772581,newey-west,state_14_consumption_index
state,quarterly,15,consumption_index,7,16,-0.010058804789564682,0.13402554469952122,-0.27274887240062623,0.2526312628214969,0.9401738157456789,0.1134395615862862,-0.0011410664054102534,0.0011410664054102534,newey-west,state_15_consumption_index
state,quarterly,16,consumption_index,7,16,-0.21861631414758578,0.19554675828062612,-0.6018879603776129,0.1646553320824414,0.2635778301571492,0.1134395615862862,-0.024799738832511947,0.024799738832511947,newey-west,state_16_consumption_index
state,quarterly,17,consumption_index,7,16,-0.025839395371413748,0.07008339303737045,-0.16320284572465982,0.11152405498183232,0.7123550890486017,0.1134395615862862,-0.0029312096825878883,0.0029312096825878883,newey-west,state_17_consumption_index
state,quarterly,21,consumption_index,7,16,0.032219384393765205,0.04125151147316224,-0.04863357809363279,0.1130723468811632,0.4347746366698202,0.1134395615862862,0.0036549528402087562,-0.0036549528402087562,newey-west,state_21_consumption_index
state,quarterly,22,consumption_index,7,16,0.15981393680297937,0.11969399885385504,-0.0747863009505765,0.39441417455653527,0.18181497135637725,0.1134395615862862,0.018129222926308426,-0.018129222926308426,newey-west,state_22_consumption_index
state,quarterly,23,consumption_index,7,16,-0.007355687392904063,0.06858309522500433,-0.14177855403391257,0.12706717924810443,0.9145889098388424,0.1134395615862862,-0.0008344259530168094,0.0008344259530168094,newey-west,state_23_consumption_index
state,quarterly,24,consumption_index,7,16,0.008059494891808974,0.02538519760196714,-0.04169549240804662,0.05781448219166457,0.7508733651248067,0.1134395615862862,0.0009142655671337232,-0.0009142655671337232,newey-west,state_24_consumption_index
state,quarterly,25,consumption_index,7,16,0.2575781866038829,0.033825894405610624,0.19127943356888605,0.3238769396388797,2.6423307986078726e-14,0.1134395615862862,0.02921955656253509,-0.02921955656253509,newey-west,state_25_consumption_index
state,quarterly,26,consumption_index,7,16,-0.010938906848654065,0.04491863060312782,-0.09897942283078459,0.07710160913347647,0.8075970423613206,0.1134395615862862,-0.0012409047971445406,0.0012409047971445406,newey-west,state_26_consumption_index
state,quarterly,27,consumption_index,7,16,0.02730868138122068,0.04878740765479129,-0.06831463762217024,0.1229320003846116,0.5756509520764852,0.1134395615862862,0.0030978848433852505,-0.0030978848433852505,newey-west,state_27_consumption_index
state,quarterly,28,consumption_index,7,16,-0.058206370662514495,0.03319414646447034,-0.12326689773287636,0.006854156407847367,0.07951397293198914,0.1134395615862862,-0.006602905169484515,0.006602905169484515,newey-west,state_28_consumption_index
state,quarterly,29,consumption_index,7,16,-0.030586145134384457,0.04850925259474828,-0.12566428022009107,0.06449198995132217,0.5283531921780849,0.1134395615862862,-0.0034696788946590932,0.0034696788946590932,newey-west,state_29_consumption_index
state,quarterly,31,consumption_index,7,16,0.11950903974871305,0.08255892526386875,-0.0423064537684697,0.2813245332658958,0.14774000278590838,0.1134395615862862,0.01355705307469206,-0.01355705307469206,newey-west,state_31_consumption_index
state,quarterly,32,consumption_index,7,16,0.06981383156516346,0.12033114487536459,-0.16603521239055113,0.30566287552087806,0.5617926345483,0.1134395615862862,0.007919650445410972,-0.007919650445410972,newey-west,state_32_consumption_index
state,quarterly,33,consumption_index,7,16,0.0856566839947189,0.059258080855182804,-0.030489154481439393,0.2018025224708772,0.1483216228371651,0.1134395615862862,0.00971685667929597,-0.00971685667929597,newey-west,state_33_consumption_index
state,quarterly,35,consumption_index,7,16,0.0272488648683639,0.05750968663948162,-0.08547012094502007,0.13996785068174786,0.6356329197439545,0.1134395615862862,0.003091099284391157,-0.003091099284391157,newey-west,state_35_consumption_index
state,quarterly,41,consumption_index,7,16,0.04912657758702246,0.019049404138494812,0.011789745475572634,0.0864634096984723,0.009911443141206622,0.1134395615862862,0.005572897423706502,-0.005572897423706502,newey-west,state_41_consumption_index
state,quarterly,42,consumption_index,7,16,0.05196559918744045,0.06377011206150351,-0.07302382045310643,0.17695501882798734,0.41513552398759,0.1134395615862862,0.0058949547893919155,-0.0058949547893919155,newey-west,state_42_consumption_index
state,quarterly,43,consumption_index,7,16,-0.027539444031502644,0.03640103752384953,-0.09888547757824773,0.04380658951524244,0.4493155698701419,0.1134395615862862,-0.003124062457263726,0.003124062457263726,newey-west,state_43_consumption_index
state,quarterly,50,consumption_index,7,16,0.11431337953068861,0.08698759435381417,-0.05618230540278717,0.2848090644641644,0.18880102049166658,0.1134395615862862,0.012967659657408058,-0.012967659657408058,newey-west,state_50_consumption_index
state,quarterly,51,consumption_index,7,16,0.03827593735486659,0.060212279077532974,-0.07974012963709803,0.15629200434683121,0.5249828948714892,0.1134395615862862,0.004342005552840221,-0.004342005552840221,newey-west,state_51_consumption_index
state,quarterly,52,consumption_index,7,16,0.028511378965768094,0.027795117442059234,-0.025967051220668003,0.08298980915220419,0.305000326465223,0.1134395615862862,0.0032343183300971947,-0.0032343183300971947,newey-west,state_52_consumption_index
state,quarterly,53,consumption_index,7,16,0.04995752235375778,0.07371118225180215,-0.09451639485977442,0.19443143956728998,0.49793220915311576,0.1134395615862862,0.0056671594337473746,-0.0056671594337473746,newey-west,state_53_consumption_index
state,quarterly,11,consumption_index,8,15,-0.14143937142256735,0.14964638930173957,-0.4347462944539769,0.1518675516088422,0.34457859539933744,0.1134395615862862,-0.016044820285215936,0.016044820285215936,newey-west,state_11_consumption_index
state,quarterly,12,consumption_index,8,15,-0.24332689829668908,0.11622057729876793,-0.4711192298022742,-0.015534566791103932,0.03628987631953473,0.1134395615862862,-0.027602896664927257,0.027602896664927257,newey-west,state_12_consumption_index
state,quarterly,13,consumption_index,8,15,-0.5835051003839713,0.2871741474783546,-1.1463664294415463,-0.020643771326396276,0.042165208539019394,0.1134395615862862,-0.06619256277091962,0.06619256277091962,newey-west,state_13_consumption_index
state,quarterly,14,consumption_index,8,15,-0.1099444579231833,0.04794661201683291,-0.20391981747617582,-0.015969098370190796,0.021844551133707535,0.1134395615862862,-0.012472051105647803,0.012472051105647803,newey-west,state_14_consumption_index
state,quarterly,15,consumption_index,8,15,0.04866730637540711,0.08902744158942741,-0.1258264791398706,0.22316109189068484,0.5846156959934636,0.1134395615862862,0.005520797898811654,-0.005520797898811654,newey-west,state_15_consumption_index
state,quarterly,16,consumption_index,8,15,-0.4415478325522502,0.17902945683103064,-0.7924455679410702,-0.0906500971634302,0.013650101126099434,0.1134395615862862,-0.05008899254410217,0.05008899254410217,newey-west,state_16_consumption_index
state,quarterly,17,consumption_index,8,15,0.02289650264624149,0.041196841640566854,-0.05784930696926954,0.10364231226175252,0.5783592347375146,0.1134395615862862,0.0025973692220488762,-0.0025973692220488762,newey-west,state_17_consumption_index
state,quarterly,21,consumption_index,8,15,-0.02346603848609133,0.056284154452755884,-0.13378298121349286,0.0868509042413102,0.6767362897835181,0.1134395615862862,-0.0026619771180291193,0.0026619771180291193,newey-west,state_21_consumption_index
state,quarterly,22,consumption_index,8,15,-0.0394362259647231,0.08574680499532918,-0.20749996375556828,0.1286275118261221,0.6455773657667094,0.1134395615862862,-0.0044736281840559045,0.0044736281840559045,newey-west,state_22_consumption_index
state,quarterly,23,consumption_index,8,15,-0.09390048089675465,0.06872055605555008,-0.2285927707656328,0.040791808972123506,0.17181019360305871,0.1134395615862862,-0.01065202938566929,0.01065202938566929,newey-west,state_23_consumption_index
state,quarterly,24,consumption_index,8,15,-0.07494817337958215,0.09842407528157042,-0.2678593609314602,0.11796301417229588,0.44636915518985054,0.1134395615862862,-0.008502087929872764,0.008502087929872764,newey-west,state_24_consumption_index
state,quarterly,25,consumption_index,8,15,-0.002988763710744441,0.07791499835106058,-0.15570216047882318,0.1497246330573343,0.9694012220847117,0.1134395615862862,-0.0003390440450318513,0.0003390440450318513,newey-west,state_25_consumption_index
state,quarterly,26,consumption_index,8,15,-0.11492389860894428,0.1061221291648247,-0.3229232717720007,0.09307547455411214,0.27883505556418653,0.1134395615862862,-0.013036916673985445,0.013036916673985445,newey-west,state_26_consumption_index
state,quarterly,27,consumption_index,8,15,-0.10260650188488571,0.052001188993612044,-0.2045288323123653,-0.0006841714574061103,0.04847769575618899,0.1134395615862862,-0.011639636589723883,0.011639636589723883,newey-west,state_27_consumption_index
state,quarterly,28,consumption_index,8,15,-0.17262856160727358,0.05912711587506063,-0.2885177087223924,-0.05673941449215475,0.0035046126038851266,0.1134395615862862,-0.01958290834600031,0.01958290834600031,newey-west,state_28_consumption_index
state,quarterly,29,consumption_index,8,15,-0.2486415821699468,0.11161367770716903,-0.46740439047599813,-0.029878773863895508,0.025900651176317346,0.1134395615862862,-0.02820579207347932,0.02820579207347932,newey-west,state_29_consumption_index
state,quarterly,31,consumption_index,8,15,-0.05498704726792197,0.04136785196969235,-0.13606803712851898,0.026093942592675036,0.18377483192466748,0.1134395615862862,-0.006237706534997464,0.006237706534997464,newey-west,state_31_consumption_index
state,quarterly,32,consumption_index,8,15,-0.10658829380734394,0.07167045101338033,-0.2470623777935694,0.03388579017888152,0.13696199953736898,0.1134395615862862,-0.012091329319735361,0.012091329319735361,newey-west,state_32_consumption_index
state,quarterly,33,consumption_index,8,15,-0.06274174934450047,0.03456516710587221,-0.13048947687201,0.0050059781830090605,0.06949736636688808,0.1134395615862862,-0.0071173965387967926,0.0071173965387967926,newey-west,state_33_consumption_index
state,quarterly,35,consumption_index,8,15,-0.07848019061170326,0.06728223279818304,-0.21035336689614204,0.053392985672735496,0.24343957912243686,0.1134395615862862,-0.008902758416199792,0.008902758416199792,newey-west,state_35_consumption_index
state,quarterly,41,consumption_index,8,15,-0.042915744630632933,0.020249675531411444,-0.08260510867219936,-0.003226380589066505,0.03406258891130154,0.1134395615862862,-0.004868343256048016,0.004868343256048016,newey-west,state_41_consumption_index
state,quarterly,42,consumption_index,8,15,-0.06580865190545962,0.04447447729809302,-0.15297862740972196,0.021361323598802703,0.13895471928712588,0.1134395615862862,-0.007465304620739857,0.007465304620739857,newey-west,state_42_consumption_index
state,quarterly,43,consumption_index,8,15,-0.07091972647045588,0.054565530648534324,-0.17786816654158316,0.03602871360067139,0.19369811564883843,0.1134395615862862,-0.008045102678627852,0.008045102678627852,newey-west,state_43_consumption_index
state,quarterly,50,consumption_index,8,15,0.05281854851465096,0.04764391511516527,-0.040563525111072966,0.14620062214037488,0.26759821066433154,0.1134395615862862,0.005991712987125993,-0.005991712987125993,newey-west,state_50_consumption_index
state,quarterly,51,consumption_index,8,15,-0.06297179422123234,0.06207409736342442,-0.18463702505354418,0.05869343661107952,0.31036249688495743,0.1134395615862862,-0.007143492728758426,0.007143492728758426,newey-west,state_51_consumption_index
state,quarterly,52,consumption_index,8,15,-0.026133842777475533,0.07653155002735783,-0.17613568083109687,0.1238679952761458,0.7327437430793116,0.1134395615862862,-0.0029646116672417564,0.0029646116672417564,newey-west,state_52_consumption_index
state,quarterly,53,consumption_index,8,15,-0.16855020546737606,0.12764332372778067,-0.41873111997382617,0.08163070903907407,0.18667546439477545,0.1134395615862862,-0.0191202614134976,0.0191202614134976,newey-west,state_53_consumption_index
state,quarterly,11,consumption_index,9,14,0.09310320108869244,0.15130774932619376,-0.20345998759064735,0.38966638976803225,0.5383411569323469,0.1134395615862862,0.010561586313781113,-0.010561586313781113,newey-west,state_11_consumption_index
state,quarterly,12,consumption_index,9,14,-0.10993180113899115,0.051608041982576035,-0.2110835634248402,-0.008780038853142116,0.03316094187562291,0.1134395615862862,-0.012470615325597952,0.012470615325597952,newey-west,state_12_consumption_index
state,quarterly,13,consumption_index,9,14,0.1524983182389723,0.08519617561987368,-0.014486185975980087,0.3194828224539247,0.07345926315118412,0.1134395615862862,0.01729934236367497,-0.01729934236367497,newey-west,state_13_consumption_index
state,quarterly,14,consumption_index,9,14,-0.1153209183573073,0.05913678803489706,-0.23122902290570554,0.0005871861910909382,0.05116769148507938,0.1134395615862862,-0.013081954420180845,0.013081954420180845,newey-west,state_14_consumption_index
state,quarterly,15,consumption_index,9,14,0.1161138035707063,0.1602104007199336,-0.19789858184036355,0.4301261889817761,0.46860037608183225,0.1134395615862862,0.013171898971177076,-0.013171898971177076,newey-west,state_15_consumption_index
state,quarterly,16,consumption_index,9,14,-0.504446564287984,0.2074847233473884,-0.9111166220488652,-0.09777650652710268,0.015046962270618636,0.1134395615862862,-0.057224197096537234,0.057224197096537234,newey-west,state_16_consumption_index
state,quarterly,17,consumption_index,9,14,-0.05231714579907393,0.055358735426493444,-0.1608202672350011,0.05618597563685322,0.3446299114258031,0.1134395615862862,-0.005934834082892761,0.005934834082892761,newey-west,state_17_consumption_index
state,quarterly,21,consumption_index,9,14,0.09950947736047305,0.03014044898314688,0.04043419735350517,0.15858475736744093,0.0009616040633229073,0.1134395615862862,0.011288311485452535,-0.011288311485452535,newey-west,state_21_consumption_index
state,quarterly,22,consumption_index,9,14,-0.003739535501712559,0.0844323563178806,-0.1692269538847585,0.1617478828813334,0.9646729930817048,0.1134395615862862,-0.0004242112678506255,0.0004242112678506255,newey-west,state_22_consumption_index
state,quarterly,23,consumption_index,9,14,-0.021951395673609535,0.06470592671193287,-0.14877501202899795,0.10487222068177887,0.7344224529349646,0.1134395615862862,-0.0024901567014213653,0.0024901567014213653,newey-west,state_23_consumption_index
state,quarterly,24,consumption_index,9,14,-0.09720941205492001,0.0646979649126238,-0.22401742328366267,0.029598599173822654,0.13296515696073707,0.1134395615862862,-0.01102739308557077,0.01102739308557077,newey-west,state_24_consumption_index
state,quarterly,25,consumption_index,9,14,-0.24838429117623065,0.11343419285567888,-0.47071530917336124,-0.026053273179100056,0.028547639522400026,0.1134395615862862,-0.02817660509595206,0.02817660509595206,newey-west,state_25_consumption_index
state,quarterly,26,consumption_index,9,14,0.015866470162145596,0.064964415190464,-0.11146378361116385,0.14319672393545504,0.8070501779841317,0.1134395615862862,0.0017998854191156877,-0.0017998854191156877,newey-west,state_26_consumption_index
state,quarterly,27,consumption_index,9,14,-0.0844373725801081,0.05032210549374652,-0.18306869934785128,0.014193954187635083,0.09335920503619644,0.1134395615862862,-0.009578538526985366,0.009578538526985366,newey-west,state_27_consumption_index
state,quarterly,28,consumption_index,9,14,-0.07103833017843925,0.048838847522385875,-0.16676247132231556,0.024685810965437066,0.1457951040283585,0.1134395615862862,-0.008058557031263992,0.008058557031263992,newey-west,state_28_consumption_index
state,quarterly,29,consumption_index,9,14,-0.11664973799690813,0.11955062512920933,-0.3509689632501584,0.11766948725634215,0.32919576664281824,0.1134395615862862,-0.013232695137524408,0.013232695137524408,newey-west,state_29_consumption_index
state,quarterly,31,consumption_index,9,14,-0.027863336883064093,0.05901512574753966,-0.14353298334824183,0.08780630958211363,0.6368276440995917,0.1134395615862862,-0.003160804720345789,0.003160804720345789,newey-west,state_31_consumption_index
state,quarterly,32,consumption_index,9,14,-0.16213464094600433,0.03638890939395663,-0.23345690335815933,-0.09081237853384934,8.365657071962573e-06,0.1134395615862862,-0.018392482586864656,0.018392482586864656,newey-west,state_32_consumption_index
state,quarterly,33,consumption_index,9,14,-0.02097955603633283,0.03233659878493919,-0.08435928965481365,0.04240017758214799,0.5164762388473529,0.1134395615862862,-0.00237991163903652,0.00237991163903652,newey-west,state_33_consumption_index
state,quarterly,35,consumption_index,9,14,-0.051232204416974875,0.04317868074800267,-0.1358624186830601,0.03339800984911036,0.23541850577759238,0.1134395615862862,-0.0058117588081606246,0.0058117588081606246,newey-west,state_35_consumption_index
state,quarterly,41,consumption_index,9,14,-0.011999015894396198,0.019657025649192174,-0.05052678616681286,0.026528754378020464,0.5415844888123105,0.1134395615862862,-0.0013611631025271843,0.0013611631025271843,newey-west,state_41_consumption_index
state,quarterly,42,consumption_index,9,14,0.0352027282559918,0.03783692420428412,-0.038957643184405075,0.10936309969638867,0.3521742234714267,0.1134395615862862,0.003993382060000879,-0.003993382060000879,newey-west,state_42_consumption_index
state,quarterly,43,consumption_index,9,14,-0.05799683619754911,0.018940827010147047,-0.09512085713743731,-0.020872815257660902,0.0021986252606491785,0.1134395615862862,-0.006579135671641625,0.006579135671641625,newey-west,state_43_consumption_index
state,quarterly,50,consumption_index,9,14,0.023974073692618253,0.028546669917752638,-0.03197739934617692,0.07992554673141342,0.4010091340091262,0.1134395615862862,0.002719608409127932,-0.002719608409127932,newey-west,state_50_consumption_index
state,quarterly,51,consumption_index,9,14,-0.04593374651372556,0.041177922069447655,-0.12664247376984294,0.03477498074239184,0.2646385644245748,0.1134395615862862,-0.005210704066532629,0.005210704066532629,newey-west,state_51_consumption_index
state,quarterly,52,consumption_index,9,14,-0.12182577575504021,0.054411799798292616,-0.22847290335969372,-0.015178648150386678,0.025158599667488346,0.1134395615862862,-0.013819862591560976,0.013819862591560976,newey-west,state_52_consumption_index
state,quarterly,53,consumption_index,9,14,-0.09295717499126466,0.029228995322028998,-0.1502460058224415,-0.03566834416008782,0.0014711916149576787,0.1134395615862862,-0.01054502117730875,0.01054502117730875,newey-west,state_53_consumption_index
state,quarterly,11,consumption_index,10,13,0.4761174219916853,0.15158221506056702,0.1790162804729739,0.7732185635103966,0.0016838081454830789,0.1134395615862862,0.0540105516143296,-0.0540105516143296,newey-west,state_11_consumption_index
state,quarterly,12,consumption_index,10,13,0.22213497513746083,0.12550120142300036,-0.02384737965161987,0.46811732992654154,0.07672999644529366,0.1134395615862862,0.02519889419257414,-0.02519889419257414,newey-west,state_12_consumption_index
state,quarterly,13,consumption_index,10,13,0.33001067315167687,0.08807468422361088,0.15738429207339955,0.5026370542299542,0.00017900394268810516,0.1134395615862862,0.03743626608112141,-0.03743626608112141,newey-west,state_13_consumption_index
state,quarterly,14,consumption_index,10,13,0.18753083671886023,0.09760435164066199,-0.003773692496837261,0.3788353659345577,0.05468925533120306,0.1134395615862862,0.021273415901296926,-0.021273415901296926,newey-west,state_14_consumption_index
state,quarterly,15,consumption_index,10,13,0.07767647303342355,0.11914372994602913,-0.15584523766079356,0.31119818372764063,0.5144295388047759,0.1134395615862862,0.00881158504648055,-0.00881158504648055,newey-west,state_15_consumption_index
state,quarterly,16,consumption_index,10,13,0.3951817148715353,0.16430392428542634,0.07314602327209968,0.7172174064709709,0.016164178065095403,0.1134395615862862,0.04482924048194372,-0.04482924048194372,newey-west,state_16_consumption_index
state,quarterly,17,consumption_index,10,13,-0.028873364698433962,0.03858252390168945,-0.10449511154574528,0.04674838214887736,0.4542469952570103,0.1134395615862862,-0.003275381832911301,0.003275381832911301,newey-west,state_17_consumption_index
state,quarterly,21,consumption_index,10,13,0.2449968309216185,0.1088047669199332,0.03173948775854943,0.4582541740846876,0.024340575713946766,0.1134395615862862,0.02779233308977789,-0.02779233308977789,newey-west,state_21_consumption_index
state,quarterly,22,consumption_index,10,13,0.3988529316503334,0.07481669645901745,0.25221220659065924,0.5454936567100076,9.76365939209245e-08,0.1134395615862862,0.045245701703818794,-0.045245701703818794,newey-west,state_22_consumption_index
state,quarterly,23,consumption_index,10,13,0.2460327069647881,0.06728191313797993,0.11416015721434744,0.3779052567152288,0.0002554396317528962,0.1134395615862862,0.027909842413972784,-0.027909842413972784,newey-west,state_23_consumption_index
state,quarterly,24,consumption_index,10,13,0.16437420030466732,0.05985310429651729,0.04706211588349343,0.28168628472584123,0.0060272788484490025,0.1134395615862862,0.01864653721865785,-0.01864653721865785,newey-west,state_24_consumption_index
state,quarterly,25,consumption_index,10,13,0.08553764672705236,0.09428800933450844,-0.09926685156858417,0.2703421450226889,0.36430348491955655,0.1134395615862862,0.009703353143839447,-0.009703353143839447,newey-west,state_25_consumption_index
state,quarterly,26,consumption_index,10,13,0.3200747806864751,0.110618545775814,0.10326243096587967,0.5368871304070706,0.00380974088079733,0.1134395615862862,0.03630914279590044,-0.03630914279590044,newey-west,state_26_consumption_index
state,quarterly,27,consumption_index,10,13,0.2186762917660535,0.05078647541934191,0.11913479994414335,0.31821778358796365,1.6638502136068212e-05,0.1134395615862862,0.024806542667255915,-0.024806542667255915,newey-west,state_27_consumption_index
state,quarterly,28,consumption_index,10,13,0.19181553754883618,0.042107369317536676,0.1092850936864643,0.27434598141120803,5.228818697133875e-06,0.1134395615862862,0.021759470484977794,-0.021759470484977794,newey-west,state_28_consumption_index
state,quarterly,29,consumption_index,10,13,0.29601709921887437,0.14048139215180672,0.020673570601333235,0.5713606278364155,0.035103509991480264,0.1134395615862862,0.03358004995743329,-0.03358004995743329,newey-west,state_29_consumption_index
state,quarterly,31,consumption_index,10,13,0.19057395108642333,0.037270804674586405,0.11752317392423398,0.2636247282486127,3.1670735078925816e-07,0.1134395615862862,0.02161862546101021,-0.02161862546101021,newey-west,state_31_consumption_index
state,quarterly,32,consumption_index,10,13,0.08646656555527715,0.1231987139813501,-0.15500291384816903,0.3279360449587233,0.4827750008357008,0.1134395615862862,0.009808729288462515,-0.009808729288462515,newey-west,state_32_consumption_index
state,quarterly,33,consumption_index,10,13,0.14339317329051626,0.026698652125938492,0.09106381512367681,0.19572253145735571,7.838725490927345e-08,0.1134395615862862,0.01626645871254253,-0.01626645871254253,newey-west,state_33_consumption_index
state,quarterly,35,consumption_index,10,13,0.0958888268510089,0.057112021375788885,-0.01605073504553732,0.2078283887475551,0.09315974603431343,0.1134395615862862,0.010877586479001757,-0.010877586479001757,newey-west,state_35_consumption_index
state,quarterly,41,consumption_index,10,13,0.09379775801409097,0.03681727786556125,0.021635893397590922,0.16595962263059102,0.010844935979117842,0.1134395615862862,0.010640376546895043,-0.010640376546895043,newey-west,state_41_consumption_index
state,quarterly,42,consumption_index,10,13,0.12440700594215956,0.03755892548693763,0.050791511987761814,0.1980224998965573,0.0009252717909964403,0.1134395615862862,0.014112676212341082,-0.014112676212341082,newey-west,state_42_consumption_index
state,quarterly,43,consumption_index,10,13,0.06147033131253099,0.02436569275052824,0.013713573521495638,0.10922708910356635,0.011641696482135533,0.1134395615862862,0.006973167434657276,-0.006973167434657276,newey-west,state_43_consumption_index
state,quarterly,50,consumption_index,10,13,0.08001564032793315,0.08029999168161657,-0.07737234336803533,0.23740362402390164,0.31902723345624895,0.1134395615862862,0.009076939158846699,-0.009076939158846699,newey-west,state_50_consumption_index
state,quarterly,51,consumption_index,10,13,0.0027543626464146265,0.061139081401439824,-0.11707823690040743,0.12258696219323668,0.9640668420203553,0.1134395615862862,0.00031245369105891823,-0.00031245369105891823,newey-west,state_51_consumption_index
state,quarterly,52,consumption_index,10,13,0.11303642248965662,0.05631223118213875,0.0026644493726646623,0.22340839560664857,0.04471606465938338,0.1134395615862862,0.012822802210508868,-0.012822802210508868,newey-west,state_52_consumption_index
state,quarterly,53,consumption_index,10,13,0.12273451187387352,0.03867006805912205,0.04694117847799431,0.19852784526975273,0.0015041108979714224,0.1134395615862862,0.01392294921847905,-0.01392294921847905,newey-west,state_53_consumption_index
state,quarterly,11,consumption_index,11,12,0.07057992130925747,0.13621005624990998,-0.19639178894056605,0.33755163155908097,0.6043398870392471,0.1134395615862862,0.008006555330116747,-0.008006555330116747,newey-west,state_11_consumption_index
state,quarterly,12,consumption_index,11,12,0.0823186652655854,0.1583459413278874,-0.2280393797370739,0.3926767102682447,0.6031570001752313,0.1134395615862862,0.009338193298096252,-0.009338193298096252,newey-west,state_12_consumption_index
state,quarterly,13,consumption_index,11,12,0.012765454362599404,0.0983793443414801,-0.1800580605467016,0.2055889692719004,0.8967583160728945,0.1134395615862862,0.0014481075463430209,-0.0014481075463430209,newey-west,state_13_consumption_index
state,quarterly,14,consumption_index,11,12,0.025437482085315204,0.062186448064957614,-0.09644795612200172,0.14732292029263214,0.6825016052932575,0.1134395615862862,0.002885616815617166,-0.002885616815617166,newey-west,state_14_consumption_index
state,quarterly,15,consumption_index,11,12,0.07114050159605043,0.0558089623358421,-0.03824506458220009,0.18052606777430094,0.20241026143973806,0.1134395615862862,0.008070147312084454,-0.008070147312084454,newey-west,state_15_consumption_index
state,quarterly,16,consumption_index,11,12,0.7207385133808304,0.12074441462383324,0.48407946071811725,0.9573975660435435,2.3852919639466563e-09,0.1134395615862862,0.08176026097627306,-0.08176026097627306,newey-west,state_16_consumption_index
state,quarterly,17,consumption_index,11,12,-0.10198948901079574,0.058321270829867225,-0.2162991798373355,0.012320201815744017,0.08033374891974865,0.1134395615862862,-0.011569642919794022,0.011569642919794022,newey-west,state_17_consumption_index
state,quarterly,21,consumption_index,11,12,0.0017940939124269778,0.09143621567529604,-0.17742088881115325,0.18100907663600724,0.9843455027501686,0.1134395615862862,0.0002035212268703413,-0.0002035212268703413,newey-west,state_21_consumption_index
state,quarterly,22,consumption_index,11,12,0.3914929804715953,0.1647254570000916,0.06863108475141577,0.7143548761917748,0.01747116732036691,0.1134395615862862,0.04441079206880628,-0.04441079206880628,newey-west,state_22_consumption_index
state,quarterly,23,consumption_index,11,12,0.2943069291294955,0.14318383121074302,0.013666619956439197,0.5749472383025518,0.039835746842029174,0.1134395615862862,0.033386049012256176,-0.033386049012256176,newey-west,state_23_consumption_index
state,quarterly,24,consumption_index,11,12,0.2641343849413874,0.12424548627651479,0.020613231839418433,0.5076555380433564,0.03351097983121587,0.1134395615862862,0.029963288827614343,-0.029963288827614343,newey-west,state_24_consumption_index
state,quarterly,25,consumption_index,11,12,0.17632414369978514,0.14140099350928906,-0.10082180357842144,0.45347009097799174,0.21240500526785278,0.1134395615862862,0.020002133558380954,-0.020002133558380954,newey-west,state_25_consumption_index
state,quarterly,26,consumption_index,11,12,0.10225030368941404,0.09261776702519718,-0.07928051967997243,0.28378112705880054,0.269591784619309,0.1134395615862862,0.01159922962259175,-0.01159922962259175,newey-west,state_26_consumption_index
state,quarterly,27,consumption_index,11,12,0.347834451993431,0.12365777488571687,0.10546521321742591,0.5902036907694361,0.004910000755819377,0.1134395615862862,0.03945818773874092,-0.03945818773874092,newey-west,state_27_consumption_index
state,quarterly,28,consumption_index,11,12,0.3435984594899173,0.11081054288865474,0.126409795428154,0.5607871235516806,0.0019301549134427276,0.1134395615862862,0.038977658606259534,-0.038977658606259534,newey-west,state_28_consumption_index
state,quarterly,29,consumption_index,11,12,0.31287437373213983,0.2752034230020368,-0.2265243353518523,0.852273082816132,0.2555867734452564,0.1134395615862862,0.0354923317877578,-0.0354923317877578,newey-west,state_29_consumption_index
state,quarterly,31,consumption_index,11,12,-0.040414118238815994,0.0667568231717322,-0.17125749165541113,0.09042925517777914,0.5449178533900969,0.1134395615862862,-0.004584559854907619,0.004584559854907619,newey-west,state_31_consumption_index
state,quarterly,32,consumption_index,11,12,0.07032251622608277,0.07103182882460927,-0.0688998682701514,0.20954490072231693,0.322167198767882,0.1134395615862862,0.007977355410331326,-0.007977355410331326,newey-west,state_32_consumption_index
state,quarterly,33,consumption_index,11,12,0.08422994753833424,0.036137927930024016,0.01339960879548717,0.1550602862811813,0.019764396996779787,0.1134395615862862,0.009555008321184522,-0.009555008321184522,newey-west,state_33_consumption_index
state,quarterly,35,consumption_index,11,12,0.11723212247745012,0.06557276269655507,-0.011290492407797822,0.24575473736269804,0.07380548162551825,0.1134395615862862,0.013298760577671749,-0.013298760577671749,newey-west,state_35_consumption_index
state,quarterly,41,consumption_index,11,12,0.021170900062648254,0.05619129362347014,-0.08896403543935322,0.13130583556464973,0.7063484208678723,0.1134395615862862,0.0024016176214938967,-0.0024016176214938967,newey-west,state_41_consumption_index
state,quarterly,42,consumption_index,11,12,-0.20563391014513127,0.043715287009620275,-0.291315872683987,-0.11995194760627553,2.5519333508583486e-06,0.1134395615862862,-0.02332702061413746,0.02332702061413746,newey-west,state_42_consumption_index
state,quarterly,43,consumption_index,11,12,0.13220494536843236,0.015356373283372795,0.10210645373302168,0.16230343700384303,0.0,0.1134395615862862,0.014997271042133884,-0.014997271042133884,newey-west,state_43_consumption_index
state,quarterly,50,consumption_index,11,12,0.020017710616848122,0.06973942858351535,-0.11667156940684198,0.15670699064053822,0.7740849312139344,0.1134395615862862,0.0022708003163363975,-0.0022708003163363975,newey-west,state_50_consumption_index
state,quarterly,51,consumption_index,11,12,-0.020616952416071158,0.029915060608106135,-0.07925047120795918,0.038016566375816865,0.49070808820211687,0.1134395615862862,-0.002338778043324436,0.002338778043324436,newey-west,state_51_consumption_index
state,quarterly,52,consumption_index,11,12,0.07282584290144867,0.033507614716017424,0.007150918058054512,0.13850076774484282,0.029749342700076342,0.1134395615862862,0.008261331690892089,-0.008261331690892089,newey-west,state_52_consumption_index
state,quarterly,53,consumption_index,11,12,0.22374654375672087,0.04646250913150805,0.1326800258589651,0.31481306165447664,1.4673159483002962e-06,0.1134395615862862,0.025381709830209216,-0.025381709830209216,newey-west,state_53_consumption_index
