horizon,agent_type,estimate,conf_low,conf_high,region
0,Ricardian,-0.2548672089727084,-1.3117558967850118,0.802021478839595,Center-West
0,PH2M,0.4666037298515867,-1.0076156856076834,1.9408231453108566,Center-West
0,WH2M,-0.7245724321607276,-2.141677052583102,0.6925321882616464,Center-West
1,Ricardian,-0.7010384889959881,-1.3238523027028921,-0.07822467528908394,Center-West
1,PH2M,0.39694137023530385,-0.27933818608649263,1.0732209265571004,Center-West
1,WH2M,-1.0927779659974086,-1.9230102837193366,-0.26254564827548077,Center-West
2,Ricardian,0.845486255077676,-1.4301217431564432,3.1210942533117954,Center-West
2,PH2M,0.2044358600545121,-4.0821379506735305,4.491009670782555,Center-West
2,WH2M,0.6616883994787953,-2.0426508596267343,3.3660276585843247,Center-West
3,Ricardian,-0.3729008881328316,-1.6094516272555337,0.8636498509898706,Center-West
3,PH2M,0.4199911443150136,-1.4495182896496623,2.2895005782796893,Center-West
3,WH2M,-0.7551627385250116,-2.040439338238351,0.5301138611883279,Center-West
4,Ricardian,-1.2921417217767566,-2.2142495687459944,-0.3700338748075187,Center-West
4,PH2M,0.582275875737061,-0.62979585660042,1.794347608074542,Center-West
4,WH2M,-1.8491253022282996,-2.840354588737695,-0.8578960157189041,Center-West
5,Ricardian,-2.1466075823576323,-3.16726593288632,-1.1259492318289444,Center-West
5,PH2M,-0.09339082700470547,-1.9248275375089248,1.7380458834995138,Center-West
5,WH2M,-2.068109837128455,-3.3522487300580748,-0.7839709441988354,Center-West
6,Ricardian,-1.8445822487797014,-3.592775884132072,-0.09638861342733063,Center-West
6,PH2M,-0.2679542814286844,-3.552250979092663,3.016342416235294,Center-West
6,WH2M,-1.5544375325581878,-3.613014473428871,0.5041394083124953,Center-West
7,Ricardian,-0.748749837829174,-2.4072893406968046,0.9097896650384566,Center-West
7,PH2M,0.08261733091465662,-3.163761448759948,3.328996110589261,Center-West
7,WH2M,-0.77178535742364,-2.853047195219874,1.3094764803725942,Center-West
8,Ricardian,0.23357848788003152,-1.476374703257798,1.9435316790178612,Center-West
8,PH2M,-0.3488044229042344,-3.7502212544917777,3.0526124086833093,Center-West
8,WH2M,0.5708735656917044,-1.6060348398265236,2.7477819712099323,Center-West
9,Ricardian,-0.5354903909338334,-2.0383910963746317,0.9674103145069647,Center-West
9,PH2M,-0.1563098064240675,-2.346333131836791,2.033713518988656,Center-West
9,WH2M,-0.37179774898983153,-1.9260167941010917,1.1824212961214289,Center-West
10,Ricardian,-0.04957349358847162,-0.32847637235107346,0.2293293851741302,Center-West
10,PH2M,-0.3712043912397868,-0.9115279672815526,0.16911918480197902,Center-West
10,WH2M,0.352892186046388,-0.4738513818331436,1.1796357539259197,Center-West
11,Ricardian,0.3136140607687919,-1.0743177285395211,1.7015458500771048,Center-West
11,PH2M,0.11298375767006671,-2.3385231441548964,2.5644906594950294,Center-West
11,WH2M,0.21883268935194805,-1.3134196837763956,1.7510850624802918,Center-West
12,Ricardian,1.362949473889147,0.5960803484365259,2.129818599341768,Center-West
12,PH2M,0.3762601176447239,-1.2271330096427406,1.9796532449321886,Center-West
12,WH2M,1.0264501650368771,-0.003088784013072443,2.0559891140868265,Center-West
13,Ricardian,2.095588844188187,0.7469528429193582,3.444224845457016,Center-West
13,PH2M,-0.0366644778007954,-2.0456126648380155,1.9722837092364247,Center-West
13,WH2M,2.1235710935385077,0.6849764132889857,3.5621657737880295,Center-West
14,Ricardian,0.4201518055026781,-0.24086513440179252,1.0811687454071488,Center-West
14,PH2M,0.046545986088071534,-1.0003937494837587,1.0934857216599017,Center-West
14,WH2M,0.37775586578559334,-0.5665795108258722,1.3220912423970588,Center-West
15,Ricardian,0.9208371268553828,-1.2529672869930901,3.0946415407038557,Center-West
15,PH2M,0.6208456965797093,-3.012166592324899,4.253857985484317,Center-West
15,WH2M,0.27680814157087463,-2.0062402004854514,2.5598564836272004,Center-West
16,Ricardian,0.50460804914606,-0.28212849207022805,1.291344590362348,Center-West
16,PH2M,0.5562951706238055,-0.8166521129871267,1.9292424542347377,Center-West
16,WH2M,-0.09286627299237593,-1.1204423354139226,0.9347097894291707,Center-West
17,Ricardian,0.819742892534274,0.19302134599044207,1.446464439078106,Center-West
17,PH2M,0.04739433181645425,-0.7613255306633242,0.8561141942962327,Center-West
17,WH2M,0.7428655205886429,0.01571229815928321,1.4700187430180025,Center-West
18,Ricardian,0.7642205221075016,0.08094330790377058,1.4474977363112327,Center-West
18,PH2M,0.23604201284321003,-1.1422204768005795,1.6143045024869993,Center-West
18,WH2M,0.5133393688899196,-0.4040785813030019,1.430757319082841,Center-West
19,Ricardian,-0.32025096750052373,-1.1097902716963066,0.46928833669525927,Center-West
19,PH2M,0.5321090197616232,-0.9652503793230558,2.029468418846302,Center-West
19,WH2M,-0.8464762917473007,-1.794681194848275,0.10172861135367361,Center-West
20,Ricardian,0.09387200011877532,-1.301422518141516,1.4891665183790668,Center-West
20,PH2M,-0.3602048548723934,-2.2931155891842394,1.5727058794394528,Center-West
20,WH2M,0.4622448543172802,-0.9472323484845575,1.8717220571191178,Center-West
21,Ricardian,1.2228206693077779,0.29722999281341367,2.148411345802142,Center-West
21,PH2M,0.4523658881425219,-1.39450840930382,2.2992401855888636,Center-West
21,WH2M,0.7944374246487116,-0.3977210800929256,1.9865959293903488,Center-West
22,Ricardian,-1.6660467030009796,-3.6645374593384634,0.33244405333650406,Center-West
22,PH2M,0.7472952217404643,-2.2074238971737525,3.7020143406546806,Center-West
22,WH2M,-2.399122740000214,-4.422456657839394,-0.3757888221610348,Center-West
23,Ricardian,-1.170007358335807,-1.7517764487431706,-0.5882382679284436,Center-West
23,PH2M,0.13231753398186274,-1.0459575130009329,1.3105925809646584,Center-West
23,WH2M,-1.2925801142012405,-2.0738384436088912,-0.5113217847935899,Center-West
24,Ricardian,-0.7962589904427687,-1.2959218011724125,-0.2965961797131249,Center-West
24,PH2M,0.7578164721575612,-0.79843305544972,2.3140659997648423,Center-West
24,WH2M,-1.5580573784730753,-2.72207551317951,-0.3940392437666409,Center-West
0,Ricardian,-0.5582708471020134,-3.782214158355961,2.6656724641519345,North
0,PH2M,0.19247689675221635,-3.9019112309459087,4.286865024450342,North
0,WH2M,-0.7547560288865164,-4.209131347623577,2.6996192898505447,North
1,Ricardian,0.3213885917327519,-2.6953809579739074,3.3381581414394113,North
1,PH2M,-0.09443040503719419,-3.7525532212768136,3.5636924112024255,North
1,WH2M,0.4202565559564939,-2.8398343762092155,3.6803474881222034,North
2,Ricardian,-0.7324297211992378,-3.374855623219557,1.9099961808210812,North
2,PH2M,0.15510578049062118,-3.636006163381899,3.9462177243631418,North
2,WH2M,-0.9314526675800621,-3.63341706417739,1.770511729017266,North
3,Ricardian,0.433941145636847,-3.0995840131044003,3.967466304378094,North
3,PH2M,-0.039559564262030555,-4.277134364378815,4.198015235854754,North
3,WH2M,0.4448212827852199,-3.5367368642199866,4.426379429790426,North
4,Ricardian,-0.2753653434566019,-2.439647723737764,1.8889170368245602,North
4,PH2M,-0.37482364833644666,-2.8233098730697535,2.0736625763968597,North
4,WH2M,0.08746222629763672,-2.59131207254141,2.766236525136683,North
5,Ricardian,0.149342720445895,-1.8672776989389173,2.165963139830707,North
5,PH2M,-0.8795362009092653,-3.4974678989105055,1.7383954970919746,North
5,WH2M,1.0197836996622747,-1.6405313371304238,3.680098736454973,North
6,Ricardian,1.9426705884014182,-0.7436927973623251,4.629033974165162,North
6,PH2M,0.10952519432077601,-2.87275505369714,3.091805442338692,North
6,WH2M,1.8071329304034478,-1.438300967902681,5.052566828709576,North
7,Ricardian,0.16705992470367684,-2.726812749886575,3.0609325992939285,North
7,PH2M,-1.0208411721302366,-4.01144612718233,1.969763782921857,North
7,WH2M,1.107447471564275,-2.6447851035344208,4.859680046662971,North
8,Ricardian,0.5121266981909982,0.13365033080498284,0.8906030655770136,North
8,PH2M,-0.6097333550129611,-1.344957353123777,0.12549064309785485,North
8,WH2M,1.0534507788252252,0.4648646906518098,1.6420368669986405,North
9,Ricardian,2.0988168810226715,1.031303459801794,3.1663303022435487,North
9,PH2M,0.012620439449810394,-1.4293495745199833,1.4545904534196041,North
9,WH2M,2.1349625423247245,0.915490732905134,3.354434351744315,North
10,Ricardian,2.1914615763194414,1.0901407077396386,3.2927824448992444,North
10,PH2M,0.4894515268380444,-0.7873881192160703,1.766291172892159,North
10,WH2M,1.7333770915553322,0.4791415910169248,2.9876125920937397,North
11,Ricardian,2.8011597752036237,-0.3335116388889472,5.935831189296195,North
11,PH2M,0.485843113661637,-3.5577814326374884,4.529467659960762,North
11,WH2M,2.380332741887982,-0.8762063412452372,5.636871825021201,North
12,Ricardian,3.4347539095447424,2.1218111583817985,4.747696660707686,North
12,PH2M,1.5889167335488281,-0.1032725261271421,3.2811059932247986,North
12,WH2M,1.947345598985809,0.5480835401264705,3.346607657845148,North
13,Ricardian,2.216425825659903,0.6473230476152612,3.7855286037045452,North
13,PH2M,0.38125399216602185,-1.7490931559987248,2.5116011403307685,North
13,WH2M,1.8555510410252916,0.1387619004725773,3.5723401815780056,North
14,Ricardian,2.4926811804637996,-0.31749818444474265,5.302860545372342,North
14,PH2M,0.7464661418322769,-3.164997599715319,4.657929883379873,North
14,WH2M,1.7894845613498291,-1.3499549817414973,4.928924104441156,North
15,Ricardian,3.032838303889041,0.77039570303302,5.295280904745062,North
15,PH2M,0.8941859988795775,-1.914282986811135,3.70265498457029,North
15,WH2M,2.194615857281318,-0.18384762604050886,4.573079340603146,North
16,Ricardian,1.4614471259293005,-0.6150010949047933,3.5378953467633942,North
16,PH2M,0.2797840054845595,-2.366687329458724,2.9262553404278435,North
16,WH2M,1.1876144608466181,-1.0953813407953747,3.470610262488611,North
17,Ricardian,2.6635814893936525,-0.13019036366295378,5.457353342450259,North
17,PH2M,0.7950594939028397,-2.58388619755305,4.174005185358729,North
17,WH2M,1.9540819368597973,-1.1407389814201698,5.048902855139764,North
18,Ricardian,4.277160011596349,2.8543577417323878,5.69996228146031,North
18,PH2M,1.4064158599358243,-0.4649722817697892,3.277804001641438,North
18,WH2M,2.9754381397063376,1.3594207088527859,4.591455570559889,North
19,Ricardian,1.5750652326993397,0.1381874443507347,3.0119430210479448,North
19,PH2M,-0.21393691366287326,-2.177362769470413,1.7494889421446664,North
19,WH2M,1.8014140574639934,0.12578255030288377,3.477045564625103,North
20,Ricardian,0.7678234598906485,0.07078478963881629,1.4648621301424807,North
20,PH2M,0.2714906955898806,-0.7029294920262572,1.2459108832060184,North
20,WH2M,0.4586434651304899,-0.3512110976178193,1.2684980278787992,North
21,Ricardian,0.24206892510954509,-0.9007876637793684,1.3849255139984586,North
21,PH2M,-0.27603755145587644,-1.9139085247428334,1.3618334218310806,North
21,WH2M,0.4752171439227151,-0.7384802660888208,1.688914553934251,North
22,Ricardian,-2.055184252022623,-3.8538107263704813,-0.2565577776747645,North
22,PH2M,-0.6084230932713006,-2.982239675283216,1.7653934887406146,North
22,WH2M,-1.5237393854013717,-3.3900573063000863,0.34257853549734274,North
23,Ricardian,0.9096288909186105,-1.0051574884493355,2.824415270286557,North
23,PH2M,0.8129747620581171,-1.855983655949669,3.4819331800659032,North
23,WH2M,0.061831512639440644,-2.186677672129478,2.3103406974083587,North
24,Ricardian,0.2352656788587417,-2.163864377022142,2.6343957347396256,North
24,PH2M,0.6015975688383897,-2.2696484252777527,3.472843562954532,North
24,WH2M,-0.4238730603894755,-3.1901089017781765,2.3423627809992253,North
0,Ricardian,0.19403135682730216,-0.5893591714842028,0.977421885138807,Northeast
0,PH2M,0.25528770219922764,-1.704985593865203,2.2155609982636584,Northeast
0,WH2M,-0.0828170633566167,-1.9435628749804834,1.77792874826725,Northeast
1,Ricardian,0.004809427394942797,-0.9043786308931517,0.9139974856830374,Northeast
1,PH2M,0.43736599958125255,-1.7087369364666807,2.583468935629186,Northeast
1,WH2M,-0.4421125591222727,-2.905935030628574,2.0217099123840283,Northeast
2,Ricardian,0.18876678584739198,-0.6511497943666191,1.028683366061403,Northeast
2,PH2M,0.05752741086525481,-1.492575359414064,1.6076301811445737,Northeast
2,WH2M,0.09713898054506875,-1.676524772346578,1.8708027334367152,Northeast
3,Ricardian,1.238405202066437,0.23163519167981117,2.245175212453063,Northeast
3,PH2M,0.9370684541827878,-1.8717203248629444,3.74585723322852,Northeast
3,WH2M,0.2516196841010583,-2.786392410333113,3.2896317785352296,Northeast
4,Ricardian,0.5817501449632223,-0.4546756319463172,1.6181759218727618,Northeast
4,PH2M,0.5321488881549832,-1.5912940783823113,2.6555918546922777,Northeast
4,WH2M,-0.003157033205338,-2.729283113650046,2.72296904723937,Northeast
5,Ricardian,0.024411166710140896,-1.3827411770642921,1.431563510484574,Northeast
5,PH2M,1.7615099660887352,-0.7729138359959384,4.295933768173409,Northeast
5,WH2M,-1.7918311847915596,-3.7402022125742813,0.1565398429911622,Northeast
6,Ricardian,0.6428919600484901,-1.0746080810650238,2.360392001162004,Northeast
6,PH2M,1.4819696421171886,-1.9824238028986327,4.94636308713301,Northeast
6,WH2M,-0.9140615825401102,-3.472533479641655,1.6444103145614348,Northeast
7,Ricardian,0.44333029155358844,-1.5842235569427374,2.470884140049914,Northeast
7,PH2M,1.6133717122071372,-1.7926929128250224,5.019436337239297,Northeast
7,WH2M,-1.209912947337397,-4.024797147721262,1.6049712530464686,Northeast
8,Ricardian,0.6191575081653826,-0.8241495203423803,2.0624645366731453,Northeast
8,PH2M,1.4300283495931043,-1.0276685928016063,3.887725291987815,Northeast
8,WH2M,-0.8800093070861805,-3.209743465523615,1.449724851351254,Northeast
9,Ricardian,1.0326249670152539,-0.31621190203282223,2.38146183606333,Northeast
9,PH2M,0.9698977949112269,-1.5500248601577937,3.4898204499802477,Northeast
9,WH2M,0.035238707034078165,-2.115498415139467,2.185975829207623,Northeast
10,Ricardian,0.13769908741961953,-1.094687831831013,1.370086006670252,Northeast
10,PH2M,1.2874864657540446,-1.654315241297816,4.229288172805905,Northeast
10,WH2M,-1.181490617341369,-3.766399006458367,1.403417771775629,Northeast
11,Ricardian,0.48907356067128616,-0.627312271559356,1.6054593929019283,Northeast
11,PH2M,0.7680539816937171,-1.130693047254155,2.6668010106415894,Northeast
11,WH2M,-0.3074404635062621,-2.347365889729425,1.7324849627169012,Northeast
12,Ricardian,1.300257400301505,0.29717840437497434,2.303336396228036,Northeast
12,PH2M,-1.2413958654400727,-2.8859347049914774,0.4031429741113317,Northeast
12,WH2M,2.5280990866796627,1.2778251499334732,3.778373023425852,Northeast
13,Ricardian,0.7019271411100034,-0.40109647039400476,1.8049507526140116,Northeast
13,PH2M,0.5446788707272862,-1.363254381590767,2.452612123045339,Northeast
13,WH2M,0.07655478824803608,-1.9650681777019976,2.1181777541980695,Northeast
14,Ricardian,0.5106992145559899,0.12713850541303562,0.8942599236989441,Northeast
14,PH2M,-0.2378830395031306,-2.1046292077141273,1.628863128707866,Northeast
14,WH2M,0.7082000293543834,-0.9054783297184069,2.321878388427174,Northeast
15,Ricardian,0.36662162067524107,-0.13464503052267907,0.8678882718731612,Northeast
15,PH2M,-0.37715774216576514,-2.2751174180344598,1.5208019337029297,Northeast
15,WH2M,0.746288483561813,-1.0941339600856796,2.5867109272093054,Northeast
16,Ricardian,-0.4751695511409804,-1.3076134221620148,0.3572743198800539,Northeast
16,PH2M,-0.3826862969857012,-1.7210160371474488,0.9556434431760463,Northeast
16,WH2M,-0.14260743525223085,-1.8765040435178963,1.5912891730134346,Northeast
17,Ricardian,0.2284218126367808,-0.47044638109451503,0.9272900063680767,Northeast
17,PH2M,0.10971917906239928,-1.3544339833811136,1.5738723415059122,Northeast
17,WH2M,0.08400762995332867,-1.0571294869133392,1.2251447468199967,Northeast
18,Ricardian,0.5931160232891567,-0.275885172926434,1.4621172195047474,Northeast
18,PH2M,0.09962051978848657,-1.8139817078407767,2.0132227474177498,Northeast
18,WH2M,0.5105982974145218,-0.9832408603455773,2.004437455174621,Northeast
19,Ricardian,0.6295356687230493,-0.1030618697536505,1.3621332071997492,Northeast
19,PH2M,-1.452889259345216,-4.332711714281309,1.4269331955908775,Northeast
19,WH2M,2.1030679802064447,-0.3371180798477589,4.543254040260648,Northeast
20,Ricardian,-0.4480885505565657,-2.0203854296131305,1.124208328499999,Northeast
20,PH2M,-1.4256165656636597,-3.5372778705723777,0.6860447392450584,Northeast
20,WH2M,1.013497823831935,-1.1475197043319134,3.174515351995783,Northeast
21,Ricardian,-0.7411695760890991,-2.420705481152565,0.9383663289743669,Northeast
21,PH2M,-0.2771876485780922,-2.430003195499078,1.8756278983428936,Northeast
21,WH2M,-0.3832199280357223,-2.5346637612485297,1.768223905177085,Northeast
22,Ricardian,-0.8279378819214468,-2.5993125723240267,0.943436808481133,Northeast
22,PH2M,-2.057447209801304,-4.984217532731343,0.8693231131287349,Northeast
22,WH2M,1.270654425471963,-1.5356445907547633,4.07695344169869,Northeast
23,Ricardian,-1.038522025566243,-3.3137903251483145,1.2367462740158282,Northeast
23,PH2M,-0.1644826927931491,-3.85935948818001,3.530394102593712,Northeast
23,WH2M,-0.7738581403690754,-3.6306260063108935,2.0829097255727422,Northeast
24,Ricardian,-0.7322299138264688,-2.3294274517940963,0.8649676241411585,Northeast
24,PH2M,-0.7742260522529234,-3.4066464557793985,1.8581943512735517,Northeast
24,WH2M,0.12790128755107322,-1.9985256620421978,2.2543282371443443,Northeast
0,Ricardian,1.1355875306886063,-3.314655135130673,5.585830196507885,South
0,PH2M,-1.1412436003852704,-7.344330780583515,5.061843579812974,South
0,WH2M,2.2267833872402227,-2.2798782368098354,6.73344501129028,South
1,Ricardian,5.419126202942903,0.9606111707760201,9.877641235109785,South
1,PH2M,0.28790611556571566,-5.445713138645923,6.021525369777354,South
1,WH2M,5.045260500645092,0.504755444027924,9.58576555726226,South
2,Ricardian,4.248313284711113,-3.588138271421202,12.084764840843427,South
2,PH2M,-0.3834554670159225,-10.878978537419309,10.112067603387464,South
2,WH2M,4.528402455832666,-3.2962084443825646,12.353013356047896,South
3,Ricardian,7.964954663454623,1.113720170490895,14.816189156418352,South
3,PH2M,0.47302623123932985,-7.661105970890316,8.607158433368976,South
3,WH2M,7.385550253984988,0.11827638568529508,14.652824122284681,South
4,Ricardian,1.7911496374385174,-4.896038130474807,8.47833740535184,South
4,PH2M,-0.2345038292009436,-8.465272050191992,7.9962643917901035,South
4,WH2M,1.9235756783052227,-5.8652045647472875,9.712355921357734,South
5,Ricardian,2.8216461203952385,-5.205915063593714,10.84920730438419,South
5,PH2M,-1.089516911564559,-10.546185209413341,8.367151386284224,South
5,WH2M,3.806128472871771,-4.7633169210794915,12.375573866823034,South
6,Ricardian,4.922034351625973,0.01140729000634444,9.832661413245601,South
6,PH2M,0.1990458767507599,-5.869505914146112,6.267597667647632,South
6,WH2M,4.604907887936405,-0.9553261888344942,10.165141964707304,South
7,Ricardian,-3.70964210092993,-6.420731324487706,-0.9985528773721541,South
7,PH2M,-3.4244188386233896,-7.462100732464266,0.6132630552174865,South
7,WH2M,-0.3337205579302527,-3.089995772206366,2.4225546563458606,South
8,Ricardian,-5.523710191227078,-7.378200677212765,-3.6692197052413915,South
8,PH2M,-2.820724856134847,-5.117725923127235,-0.523723789142458,South
8,WH2M,-2.7608174191378567,-4.903450020038767,-0.618184818236946,South
9,Ricardian,-5.449678037846934,-6.92093250932427,-3.9784235663695973,South
9,PH2M,-2.799241290609413,-6.022839535566696,0.42435695434787,South
9,WH2M,-2.667605584609115,-4.686648482330931,-0.6485626868872991,South
10,Ricardian,-4.067252526685723,-6.004111394385441,-2.130393658986006,South
10,PH2M,-3.437141241107422,-5.846509433307238,-1.0277730489076053,South
10,WH2M,-0.6074622232986395,-3.130675218168909,1.9157507715716298,South
11,Ricardian,-5.326696303404109,-8.738080190309304,-1.9153124164989133,South
11,PH2M,-3.47941539185039,-7.774807690015869,0.8159769063150897,South
11,WH2M,-1.80723856247611,-5.256323273208396,1.6418461482561764,South
12,Ricardian,0.36557406847134705,-5.994195823707312,6.725343960650006,South
12,PH2M,-0.8219226654921279,-9.496453272036035,7.8526079410517795,South
12,WH2M,1.1978796928994668,-5.091624830410864,7.487384216209798,South
13,Ricardian,-0.8919036294482748,-6.735045651968701,4.951238393072151,South
13,PH2M,-1.4005514641971857,-8.707931467327711,5.906828538933341,South
13,WH2M,0.4375734222710278,-5.5274191801019406,6.4025660246439955,South
14,Ricardian,2.7515583062570417,-1.2681668862967723,6.771283498810856,South
14,PH2M,-0.8063618125190857,-6.345584369404428,4.732860744366256,South
14,WH2M,3.471007400181745,-0.5088134271312956,7.450828227494785,South
15,Ricardian,3.742252611539593,-7.124983074772306,14.609488297851492,South
15,PH2M,-0.7301732409487647,-14.139182916743724,12.678836434846197,South
15,WH2M,4.380804569015937,-6.722641720821797,15.48425085885367,South
16,Ricardian,-4.416687373723495,-10.06669215921341,1.2333174117664196,South
16,PH2M,-1.967572753246663,-8.862500561524055,4.927355055030728,South
16,WH2M,-2.470022394372402,-9.0242436896332,4.084198900888396,South
17,Ricardian,-5.4186969297438194,-13.190719789142182,2.3533259296545426,South
17,PH2M,-1.8204991270944655,-10.993473302966155,7.352475048777223,South
17,WH2M,-3.6322640892527893,-11.93707301100304,4.672544832497461,South
18,Ricardian,-2.1949462877415167,-3.322484579556126,-1.0674079959269074,South
18,PH2M,-1.7083462975629775,-4.563827193768402,1.147134598642447,South
18,WH2M,-0.5122082362472982,-2.9095461285132354,1.8851296560186392,South
19,Ricardian,-2.7498131814168594,-6.045332898745098,0.5457065359113793,South
19,PH2M,-2.2128273314762503,-7.527989145964531,3.10233448301203,South
19,WH2M,-0.5504158896951896,-4.098201004445867,2.9973692250554875,South
20,Ricardian,-5.154745587738434,-6.045730547431807,-4.263760628045061,South
20,PH2M,-3.647279528578987,-5.14665381967344,-2.147905237484534,South
20,WH2M,-1.5017325649586426,-3.4711932904564886,0.4677281605392032,South
21,Ricardian,-2.2249726807429906,-3.860775204023816,-0.5891701574621655,South
21,PH2M,-2.701715524729218,-5.475213615932912,0.07178256647447556,South
21,WH2M,0.49455804968101047,-1.5321906642490362,2.521306763611057,South
22,Ricardian,1.4247361365507807,-0.5315316756056507,3.381003948707212,South
22,PH2M,-1.0867171783619942,-4.781576587957863,2.6081422312338742,South
22,WH2M,2.5260980447638626,0.2562772523725876,4.795918837155138,South
23,Ricardian,1.3039233718758965,-1.9896736368520362,4.597520380603829,South
23,PH2M,0.12396032148361646,-4.319379388025126,4.56730003099236,South
23,WH2M,1.1894326339044925,-2.054480838338676,4.433346106147662,South
24,Ricardian,5.350700077258351,-0.5267696734649849,11.228169827981686,South
24,PH2M,0.8151156533176742,-6.739382650087101,8.36961395672245,South
24,WH2M,4.4904716519924515,-1.3342933216809492,10.315236625665852,South
0,Ricardian,1.2564049248316032,-1.0344976203791503,3.5473074700423566,Southeast
0,PH2M,0.10302073369835596,-3.117615796435622,3.3236572638323345,Southeast
0,WH2M,1.1384000447970928,-1.1433360806813508,3.420136170275536,Southeast
1,Ricardian,0.921937365203242,-4.197066122721833,6.040940853128316,Southeast
1,PH2M,0.7138385987138465,-6.644008590450435,8.071685787878128,Southeast
1,WH2M,0.22962140539469333,-5.101524523972305,5.560767334761692,Southeast
2,Ricardian,-1.8650358880039262,-6.8328002389183515,3.102728462910499,Southeast
2,PH2M,0.7659862840339793,-6.209752982376844,7.741725550444802,Southeast
2,WH2M,-2.6334988490830784,-7.61419469285201,2.3471969946858526,Southeast
3,Ricardian,0.4762276064296908,-1.7686193173211195,2.721074530180501,Southeast
3,PH2M,0.37643419042744153,-2.995348148344334,3.748216529199217,Southeast
3,WH2M,0.08690232468624132,-2.277893578929212,2.4516982283016944,Southeast
4,Ricardian,-1.8179585440770716,-5.332785568831659,1.696868480677516,Southeast
4,PH2M,0.9660723808684766,-4.544897132500984,6.477041894237938,Southeast
4,WH2M,-2.826110487209299,-6.425718761075643,0.7734977866570447,Southeast
5,Ricardian,-0.8399736598387811,-3.008794402300672,1.3288470826231098,Southeast
5,PH2M,0.9270377901199894,-2.3256094755248937,4.179685055764873,Southeast
5,WH2M,-1.826996628409956,-4.099900215154717,0.44590695833480565,Southeast
6,Ricardian,-2.459287609556453,-6.498388791241119,1.579813572128213,Southeast
6,PH2M,0.6611771927946015,-5.322811721689073,6.645166107278275,Southeast
6,WH2M,-3.136662962618332,-7.208274949735354,0.9349490244986898,Southeast
7,Ricardian,-2.5090963908771244,-3.6794214283195688,-1.3387713534346801,Southeast
7,PH2M,0.784610586004542,-0.9609883455620696,2.5302095175711536,Southeast
7,WH2M,-3.2866864623882397,-4.517023711543006,-2.0563492132334735,Southeast
8,Ricardian,-0.7208429928119054,-2.799077288851995,1.3573913032281841,Southeast
8,PH2M,-0.36756899290795747,-3.313075128036314,2.577937142220399,Southeast
8,WH2M,-0.34936740258686977,-2.4314726008388403,1.7327377956651009,Southeast
9,Ricardian,1.309853450936918,-0.5144306806891661,3.1341375825630022,Southeast
9,PH2M,-0.20788788948810777,-2.7994708360299265,2.3836950570537105,Southeast
9,WH2M,1.5150439145871644,-0.2990015267456334,3.329089355919962,Southeast
10,Ricardian,1.525184613936403,-1.0121320133877796,4.062501241260586,Southeast
10,PH2M,0.4817743125730196,-3.088017186809252,4.051565811955291,Southeast
10,WH2M,1.0391550096999131,-1.5459050657017872,3.6242150851016133,Southeast
11,Ricardian,2.1794888114349193,-0.2976952702167699,4.656672893086609,Southeast
11,PH2M,-0.26406064211044233,-3.7562280995837525,3.228106815362868,Southeast
11,WH2M,2.4898343593519074,-0.04704217607700922,5.026710894780824,Southeast
12,Ricardian,2.7723758967273784,-0.6727395645676495,6.217491358022406,Southeast
12,PH2M,-0.20521415324005954,-5.198892151489782,4.788463845009663,Southeast
12,WH2M,3.044908323340963,-0.45216942956667294,6.541986076248598,Southeast
13,Ricardian,1.3112322582256184,-2.452495123758643,5.0749596402098796,Southeast
13,PH2M,-0.01747453042848779,-5.443593154293756,5.408644093436781,Southeast
13,WH2M,1.3220139189146254,-2.46250404256073,5.106531880389981,Southeast
14,Ricardian,0.21437876337145986,-1.2970289887008686,1.7257865154437881,Southeast
14,PH2M,-0.5264487028676526,-2.751728116833041,1.698830711097736,Southeast
14,WH2M,0.7821910163281961,-0.7665712666719461,2.330953299328338,Southeast
15,Ricardian,0.04257295262632687,-0.8570508314244752,0.942196736677129,Southeast
15,PH2M,0.21468753302026802,-0.8277120849760999,1.257087151016636,Southeast
15,WH2M,-0.18502699846674983,-1.16116379818975,0.7911098012562504,Southeast
16,Ricardian,1.1376845327518215,-0.7901942719257864,3.0655633374294293,Southeast
16,PH2M,-0.42483981220386813,-3.210754924947883,2.3610753005401466,Southeast
16,WH2M,1.5498125412776895,-0.4224895199639531,3.5221146025193324,Southeast
17,Ricardian,-0.2663618485233064,-2.278583038082714,1.7458593410361012,Southeast
17,PH2M,-0.22809388774425166,-3.244281423584712,2.7880936480962086,Southeast
17,WH2M,-0.022080210253752786,-2.05267378825576,2.0085133677482543,Southeast
18,Ricardian,1.2393837701247523,-0.42578077621953225,2.904548316469037,Southeast
18,PH2M,-0.27186939683844713,-2.5885292579174877,2.0447904642405934,Southeast
18,WH2M,1.5521064086732566,-0.12278886869845529,3.2270016860449684,Southeast
19,Ricardian,3.307926320536458,1.63900230699709,4.976850334075825,Southeast
19,PH2M,-0.3097987610412174,-2.976245456406075,2.3566479343236404,Southeast
19,WH2M,3.647609908927548,1.938990547370205,5.356229270484891,Southeast
20,Ricardian,1.7936332587936592,-3.3784058662296133,6.965672383816932,Southeast
20,PH2M,-0.47464771349071366,-7.937661602857233,6.9883661758758056,Southeast
20,WH2M,2.2968906291325757,-2.8367539196264406,7.430535177891592,Southeast
21,Ricardian,2.978938114942161,-0.19440532948573264,6.152281559370055,Southeast
21,PH2M,0.3217134431437141,-4.351793583104014,4.995220469391441,Southeast
21,WH2M,2.6843695093046724,-0.4867594392228183,5.855498457832163,Southeast
22,Ricardian,4.059549062085976,3.303783575765175,4.815314548406777,Southeast
22,PH2M,-0.4696071738478169,-1.6000854093558878,0.660871061660254,Southeast
22,WH2M,4.5572774925507105,3.7993095446987004,5.3152454404027205,Southeast
23,Ricardian,1.1906944359501506,0.32249254267212457,2.0588963292281766,Southeast
23,PH2M,0.2543865421179703,-1.1745329355264054,1.683306019762346,Southeast
23,WH2M,0.9416504113766374,0.021526995534200566,1.8617738272190743,Southeast
24,Ricardian,1.4042817013342714,0.02168777308241876,2.786875629586124,Southeast
24,PH2M,0.271769130286339,-2.006928185800677,2.550466446373355,Southeast
24,WH2M,1.0993189099361471,-0.3487433607112811,2.5473811805835753,Southeast
